"national_number","gen","english_name","japanese_name","primary_type","secondary_type","classification","percent_male","percent_female","height_m","weight_kg","capture_rate","hp","attack","defense","sp_attack","sp_defense","speed","abilities_1","abilities_2","hidden_ability","description","tier"
1,1,"Bulbasaur","フシギダネ (Fushigidane)","Grass","Poison","Seed Pokémon","87.5%","12.5%",0.7,6.9,45,45,49,49,65,65,45,"Overgrow",NA,"Chlorophyll",NA,"LC"
2,1,"Ivysaur","フシギソウ (Fushigisou)","Grass","Poison","Seed Pokémon","87.5%","12.5%",1,13,45,60,62,63,80,80,60,"Overgrow",NA,"Chlorophyll",NA,"NFE"
3,1,"Venusaur","フシギバナ (Fushigibana)","Grass","Poison","Seed Pokémon","87.5%","12.5%",2,100,45,80,82,83,100,100,80,"Overgrow",NA,"Chlorophyll",NA,"ZU"
4,1,"Charmander","ヒトカゲ (Hitokage)","Fire",NA,"Lizard Pokémon","87.5%","12.5%",0.6,8.5,45,39,52,43,60,50,65,"Blaze",NA,"Solar Power",NA,"LC"
5,1,"Charmeleon","リザード (Lizardo)","Fire",NA,"Flame Pokémon","87.5%","12.5%",1.1,19,45,58,64,58,80,65,80,"Blaze",NA,"Solar Power",NA,"NFE"
6,1,"Charizard","リザードン (Lizardon)","Fire","Flying","Flame Pokémon","87.5%","12.5%",1.7,90.5,45,78,84,78,109,85,100,"Blaze",NA,"Solar Power",NA,"ZU"
7,1,"Squirtle","ゼニガメ (Zenigame)","Water",NA,"Tiny Turtle Pokémon","87.5%","12.5%",0.5,9,45,44,48,65,50,64,43,"Torrent",NA,"Rain Dish",NA,"LC"
8,1,"Wartortle","カメール (Kameil)","Water",NA,"Turtle Pokémon","87.5%","12.5%",1,22.5,45,59,63,80,65,80,58,"Torrent",NA,"Rain Dish",NA,"NFE"
9,1,"Blastoise","カメックス (Kamex)","Water",NA,"Shellfish Pokémon","87.5%","12.5%",1.6,85.5,45,79,83,100,85,105,78,"Torrent",NA,"Rain Dish",NA,"RUBL"
10,1,"Caterpie","キャタピー (Caterpie)","Bug",NA,"Worm Pokémon","50%","50%",0.3,2.9,255,45,30,35,20,20,45,"Shield Dust",NA,"Run Away",NA,"National Dex"
11,1,"Metapod","トランセル (Transel)","Bug",NA,"Cocoon Pokémon","50%","50%",0.7,9.9,120,50,20,55,25,25,30,"Shed Skin",NA,NA,NA,"National Dex"
12,1,"Butterfree","バタフリー (Butterfree)","Bug","Flying","Butterfly Pokémon","50%","50%",1.1,32,45,60,45,50,90,80,70,"Compound Eyes",NA,"Tinted Lens",NA,"National Dex"
13,1,"Weedle","ビードル (Beedle)","Bug","Poison","Hairy Bug Pokémon","50%","50%",0.3,3.2,255,40,35,30,20,20,50,"Shield Dust",NA,"Run Away",NA,"National Dex"
14,1,"Kakuna","コクーン (Cocoon)","Bug","Poison","Cocoon Pokémon","50%","50%",0.6,10,120,45,25,50,25,25,35,"Shed Skin",NA,NA,NA,"National Dex"
15,1,"Beedrill","スピアー (Spear)","Bug","Poison","Poison Bee Pokémon","50%","50%",1,29.5,45,65,90,40,45,80,75,"Swarm",NA,"Sniper",NA,"National Dex"
16,1,"Pidgey","ポッポ (Poppo)","Normal","Flying","Tiny Bird Pokémon","50%","50%",0.3,1.8,255,40,45,40,35,35,56,"Keen Eye","Tangled Feet","Big Pecks",NA,"National Dex"
17,1,"Pidgeotto","ピジョン (Pigeon)","Normal","Flying","Bird Pokémon","50%","50%",1.1,30,120,63,60,55,50,50,71,"Keen Eye","Tangled Feet","Big Pecks",NA,"National Dex"
18,1,"Pidgeot","ピジョット (Pigeot)","Normal","Flying","Bird Pokémon","50%","50%",1.5,39.5,45,83,80,75,70,70,101,"Keen Eye","Tangled Feet","Big Pecks",NA,"National Dex"
19,1,"Rattata","コラッタ (Koratta)","Normal",NA,"Mouse Pokémon","50%","50%",0.3,3.5,255,30,56,35,25,35,72,"Run Away","Guts","Hustle",NA,"National Dex"
20,1,"Raticate","ラッタ (Ratta)","Normal",NA,"Mouse Pokémon","50%","50%",0.7,18.5,127,55,81,60,50,70,97,"Run Away","Guts","Hustle",NA,"National Dex"
21,1,"Spearow","オニスズメ (Onisuzume)","Normal","Flying","Tiny Bird Pokémon","50%","50%",0.3,2,255,40,60,30,31,31,70,"Keen Eye",NA,"Sniper",NA,"National Dex"
22,1,"Fearow","オニドリル (Onidrill)","Normal","Flying","Beak Pokémon","50%","50%",1.2,38,90,65,90,65,61,61,100,"Keen Eye",NA,"Sniper",NA,"National Dex"
23,1,"Ekans","アーボ (Arbo)","Poison",NA,"Snake Pokémon","50%","50%",2,6.9,255,35,60,44,40,54,55,"Intimidate","Shed Skin","Unnerve",NA,"LC"
24,1,"Arbok","アーボック (Arbok)","Poison",NA,"Cobra Pokémon","50%","50%",3.5,65,90,60,95,69,65,79,80,"Intimidate","Shed Skin","Unnerve",NA,"ZU"
25,1,"Pikachu","ピカチュウ (Pikachu)","Electric",NA,"Mouse Pokémon","50%","50%",0.4,6,190,35,55,40,50,50,90,"Static",NA,"Lightning Rod",NA,"ZU"
26,1,"Raichu","ライチュウ (Raichu)","Electric",NA,"Mouse Pokémon","50%","50%",0.8,30,75,60,90,55,90,80,110,"Static",NA,"Lightning Rod",NA,"ZU"
27,1,"Sandshrew","サンド (Sand)","Ground",NA,"Mouse Pokémon","50%","50%",0.6,12,255,50,75,85,20,30,40,"Sand Veil",NA,"Sand Rush",NA,"LC"
28,1,"Sandslash","サンドパン (Sandpan)","Ground",NA,"Mouse Pokémon","50%","50%",1,29.5,90,75,100,110,45,55,65,"Sand Veil",NA,"Sand Rush",NA,"ZU"
29,1,"Nidoran♀","ニドラン♀ (Nidoran♀)","Poison",NA,"Poison Pin Pokémon","0%","100%",0.4,7,235,55,47,52,40,40,41,"Poison Point","Rivalry","Hustle",NA,NA
30,1,"Nidorina","ニドリーナ (Nidorina)","Poison",NA,"Poison Pin Pokémon","0%","100%",0.8,20,120,70,62,67,55,55,56,"Poison Point","Rivalry","Hustle",NA,"National Dex"
31,1,"Nidoqueen","ニドクイン (Nidoqueen)","Poison","Ground","Drill Pokémon","0%","100%",1.3,60,45,90,92,87,75,85,76,"Poison Point","Rivalry","Sheer Force",NA,"National Dex"
32,1,"Nidoran♂","ニドラン♂ (Nidoran♂)","Poison",NA,"Poison Pin Pokémon","100%","0%",0.5,9,235,46,57,40,40,40,50,"Poison Point","Rivalry","Hustle",NA,NA
33,1,"Nidorino","ニドリーノ (Nidorino)","Poison",NA,"Poison Pin Pokémon","100%","0%",0.9,19.5,120,61,72,57,55,55,65,"Poison Point","Rivalry","Hustle",NA,"National Dex"
34,1,"Nidoking","ニドキング (Nidoking)","Poison","Ground","Drill Pokémon","100%","0%",1.4,62,45,81,102,77,85,75,85,"Poison Point","Rivalry","Sheer Force",NA,"National Dex"
35,1,"Clefairy","ピッピ (Pippi)","Fairy",NA,"Fairy Pokémon","25%","75%",0.6,7.5,150,70,45,48,60,65,35,"Cute Charm","Magic Guard","Friend Guard",NA,"NFE"
36,1,"Clefable","ピクシー (Pixy)","Fairy",NA,"Fairy Pokémon","25%","75%",1.3,40,25,95,70,73,95,90,60,"Cute Charm","Magic Guard","Unaware",NA,"OU"
37,1,"Vulpix","ロコン (Rokon)","Fire",NA,"Fox Pokémon","25%","75%",0.6,9.9,190,38,41,40,50,65,65,"Flash Fire",NA,"Drought",NA,"NFE"
38,1,"Ninetales","キュウコン (Kyukon)","Fire",NA,"Fox Pokémon","25%","75%",1.1,19.9,75,73,76,75,81,100,100,"Flash Fire",NA,"Drought",NA,"ZU"
39,1,"Jigglypuff","プリン (Purin)","Normal","Fairy","Balloon Pokémon","25%","75%",0.5,5.5,170,115,45,20,45,25,20,"Cute Charm","Competitive","Friend Guard",NA,"NFE"
40,1,"Wigglytuff","プクリン (Pukurin)","Normal","Fairy","Balloon Pokémon","25%","75%",1,12,50,140,70,45,85,50,45,"Cute Charm","Competitive","Frisk",NA,"ZU"
41,1,"Zubat","ズバット (Zubat)","Poison","Flying","Bat Pokémon","50%","50%",0.8,7.5,255,40,45,35,30,40,55,"Inner Focus",NA,"Infiltrator",NA,"National Dex"
42,1,"Golbat","ゴルバット (Golbat)","Poison","Flying","Bat Pokémon","50%","50%",1.6,55,90,75,80,70,65,75,90,"Inner Focus",NA,"Infiltrator",NA,"National Dex"
43,1,"Oddish","ナゾノクサ (Nazonokusa)","Grass","Poison","Weed Pokémon","50%","50%",0.5,5.4,255,45,50,55,75,65,30,"Chlorophyll",NA,"Run Away",NA,"LC"
44,1,"Gloom","クサイハナ (Kusaihana)","Grass","Poison","Weed Pokémon","50%","50%",0.8,8.6,120,60,65,70,85,75,40,"Chlorophyll",NA,"Stench",NA,"NFE"
45,1,"Vileplume","ラフレシア (Ruffresia)","Grass","Poison","Flower Pokémon","50%","50%",1.2,18.6,45,75,80,85,110,90,50,"Chlorophyll",NA,"Effect Spore",NA,"NU"
46,1,"Paras","パラス (Paras)","Bug","Grass","Mushroom Pokémon","50%","50%",0.3,5.4,190,35,70,55,45,55,25,"Effect Spore","Dry Skin","Damp",NA,"National Dex"
47,1,"Parasect","パラセクト (Parasect)","Bug","Grass","Mushroom Pokémon","50%","50%",1,29.5,75,60,95,80,60,80,30,"Effect Spore","Dry Skin","Damp",NA,"National Dex"
48,1,"Venonat","コンパン (Kongpang)","Bug","Poison","Insect Pokémon","50%","50%",1,30,190,60,55,50,40,55,45,"Compound Eyes","Tinted Lens","Run Away",NA,"LC"
49,1,"Venomoth","モルフォン (Morphon)","Bug","Poison","Poison Moth Pokémon","50%","50%",1.5,12.5,75,70,65,60,90,75,90,"Shield Dust","Tinted Lens","Wonder Skin",NA,"ZUBL"
50,1,"Diglett","ディグダ (Digda)","Ground",NA,"Mole Pokémon","50%","50%",0.2,0.8,255,10,55,25,35,45,95,"Sand Veil","Arena Trap","Sand Force",NA,"NFE"
51,1,"Dugtrio","ダグトリオ (Dugtrio)","Ground",NA,"Mole Pokémon","50%","50%",0.7,33.3,50,35,100,50,50,70,120,"Sand Veil","Arena Trap","Sand Force",NA,"ZU"
52,1,"Meowth","ニャース (Nyarth)","Normal",NA,"Scratch Cat Pokémon","50%","50%",0.4,4.2,255,40,45,35,40,40,90,"Pickup","Technician","Unnerve",NA,"LC"
53,1,"Persian","ペルシアン (Persian)","Normal",NA,"Classy Cat Pokémon","50%","50%",1,32,90,65,70,60,65,65,115,"Limber","Technician","Unnerve",NA,"ZU"
54,1,"Psyduck","コダック (Koduck)","Water",NA,"Duck Pokémon","50%","50%",0.8,19.6,190,50,52,48,65,50,55,"Damp","Cloud Nine","Swift Swim",NA,"LC"
55,1,"Golduck","ゴルダック (Golduck)","Water",NA,"Duck Pokémon","50%","50%",1.7,76.6,75,80,82,78,95,80,85,"Damp","Cloud Nine","Swift Swim",NA,"ZU"
56,1,"Mankey","マンキー (Mankey)","Fighting",NA,"Pig Monkey Pokémon","50%","50%",0.5,28,190,40,80,35,35,45,70,"Vital Spirit","Anger Point","Defiant",NA,"LC"
57,1,"Primeape","オコリザル (Okorizaru)","Fighting",NA,"Pig Monkey Pokémon","50%","50%",1,32,75,65,105,60,60,70,95,"Vital Spirit","Anger Point","Defiant",NA,"ZU"
58,1,"Growlithe","ガーディ (Gardie)","Fire",NA,"Puppy Pokémon","75%","25%",0.7,19,190,55,70,45,70,50,60,"Intimidate","Flash Fire","Justified",NA,"LC"
59,1,"Arcanine","ウインディ (Windie)","Fire",NA,"Legendary Pokémon","75%","25%",1.9,155,75,90,110,80,100,80,95,"Intimidate","Flash Fire","Justified",NA,"PU"
60,1,"Poliwag","ニョロモ (Nyoromo)","Water",NA,"Tadpole Pokémon","50%","50%",0.6,12.4,255,40,50,40,40,40,90,"Water Absorb","Damp","Swift Swim",NA,"LC"
61,1,"Poliwhirl","ニョロゾ (Nyorozo)","Water",NA,"Tadpole Pokémon","50%","50%",1,20,120,65,65,65,50,50,90,"Water Absorb","Damp","Swift Swim",NA,"NFE"
62,1,"Poliwrath","ニョロボン (Nyorobon)","Water","Fighting","Tadpole Pokémon","50%","50%",1.3,54,45,90,95,95,70,90,70,"Water Absorb","Damp","Swift Swim",NA,"ZU"
63,1,"Abra","ケーシィ (Casey)","Psychic",NA,"Psi Pokémon","75%","25%",0.9,19.5,200,25,20,15,105,55,90,"Synchronize","Inner Focus","Magic Guard",NA,"National Dex"
64,1,"Kadabra","ユンゲラー (Yungerer)","Psychic",NA,"Psi Pokémon","75%","25%",1.3,56.5,100,40,35,30,120,70,105,"Synchronize","Inner Focus","Magic Guard",NA,"National Dex"
65,1,"Alakazam","フーディン (Foodin)","Psychic",NA,"Psi Pokémon","75%","25%",1.5,48,50,55,50,45,135,95,120,"Synchronize","Inner Focus","Magic Guard",NA,"National Dex"
66,1,"Machop","ワンリキー (Wanriky)","Fighting",NA,"Superpower Pokémon","75%","25%",0.8,19.5,180,70,80,50,35,35,35,"Guts","No Guard","Steadfast",NA,"National Dex"
67,1,"Machoke","ゴーリキー (Goriky)","Fighting",NA,"Superpower Pokémon","75%","25%",1.5,70.5,90,80,100,70,50,60,45,"Guts","No Guard","Steadfast",NA,"National Dex"
68,1,"Machamp","カイリキー (Kairiky)","Fighting",NA,"Superpower Pokémon","75%","25%",1.6,130,45,90,130,80,65,85,55,"Guts","No Guard","Steadfast",NA,"National Dex"
69,1,"Bellsprout","マダツボミ (Madatsubomi)","Grass","Poison","Flower Pokémon","50%","50%",0.7,4,255,50,75,35,70,30,40,"Chlorophyll",NA,"Gluttony",NA,"LC"
70,1,"Weepinbell","ウツドン (Utsudon)","Grass","Poison","Flycatcher Pokémon","50%","50%",1,6.4,120,65,90,50,85,45,55,"Chlorophyll",NA,"Gluttony",NA,"NFE"
71,1,"Victreebel","ウツボット (Utsubot)","Grass","Poison","Flycatcher Pokémon","50%","50%",1.7,15.5,45,80,105,65,100,70,70,"Chlorophyll",NA,"Gluttony",NA,"ZU"
72,1,"Tentacool","メノクラゲ (Menokurage)","Water","Poison","Jellyfish Pokémon","50%","50%",0.9,45.5,190,40,40,35,50,100,70,"Clear Body","Liquid Ooze","Rain Dish",NA,"LC"
73,1,"Tentacruel","ドククラゲ (Dokukurage)","Water","Poison","Jellyfish Pokémon","50%","50%",1.6,55,60,80,70,65,80,120,100,"Clear Body","Liquid Ooze","Rain Dish",NA,"NU"
74,1,"Geodude","イシツブテ (Isitsubute)","Rock","Ground","Rock Pokémon","50%","50%",0.4,20,255,40,80,100,30,30,20,"Rock Head","Sturdy","Sand Veil",NA,"LC"
75,1,"Graveler","ゴローン (Golone)","Rock","Ground","Rock Pokémon","50%","50%",1,105,120,55,95,115,45,45,35,"Rock Head","Sturdy","Sand Veil",NA,"NFE"
76,1,"Golem","ゴローニャ (Golonya)","Rock","Ground","Megaton Pokémon","50%","50%",1.4,300,45,80,120,130,55,65,45,"Rock Head","Sturdy","Sand Veil",NA,"ZU"
77,1,"Ponyta","ポニータ (Ponyta)","Fire",NA,"Fire Horse Pokémon","50%","50%",1,30,190,50,85,55,65,65,90,"Run Away","Flash Fire","Flame Body",NA,"National Dex"
78,1,"Rapidash","ギャロップ (Gallop)","Fire",NA,"Fire Horse Pokémon","50%","50%",1.7,95,60,65,100,70,80,80,105,"Run Away","Flash Fire","Flame Body",NA,"National Dex"
79,1,"Slowpoke","ヤドン (Yadon)","Water","Psychic","Dopey Pokémon","50%","50%",1.2,36,190,90,65,65,40,40,15,"Oblivious","Own Tempo","Regenerator",NA,"LC"
80,1,"Slowbro","ヤドラン (Yadoran)","Water","Psychic","Hermit Crab Pokémon","50%","50%",1.6,78.5,75,95,75,110,100,80,30,"Oblivious","Own Tempo","Regenerator",NA,"RU"
81,1,"Magnemite","コイル (Coil)","Electric","Steel","Magnet Pokémon","","",0.3,6,190,25,35,70,95,55,45,"Magnet Pull","Sturdy","Analytic",NA,"LC"
82,1,"Magneton","レアコイル (Rarecoil)","Electric","Steel","Magnet Pokémon","","",1,60,60,50,60,95,120,70,70,"Magnet Pull","Sturdy","Analytic",NA,"ZU"
83,1,"Farfetch'd","カモネギ (Kamonegi)","Normal","Flying","Wild Duck Pokémon","50%","50%",0.8,15,45,52,90,55,58,62,60,"Keen Eye","Inner Focus","Defiant",NA,"National Dex"
84,1,"Doduo","ドードー (Dodo)","Normal","Flying","Twin Bird Pokémon","50%","50%",1.4,39.2,190,35,85,45,35,35,75,"Run Away","Early Bird","Tangled Feet",NA,"LC"
85,1,"Dodrio","ドードリオ (Dodorio)","Normal","Flying","Triple Bird Pokémon","50%","50%",1.8,85.2,45,60,110,70,60,60,110,"Run Away","Early Bird","Tangled Feet",NA,"ZU"
86,1,"Seel","パウワウ (Pawou)","Water",NA,"Sea Lion Pokémon","50%","50%",1.1,90,190,65,45,55,45,70,45,"Thick Fat","Hydration","Ice Body",NA,"LC"
87,1,"Dewgong","ジュゴン (Jugon)","Water","Ice","Sea Lion Pokémon","50%","50%",1.7,120,75,90,70,80,70,95,70,"Thick Fat","Hydration","Ice Body",NA,"ZU"
88,1,"Grimer","ベトベター (Betbeter)","Poison",NA,"Sludge Pokémon","50%","50%",0.9,30,190,80,80,50,40,50,25,"Stench","Sticky Hold","Poison Touch",NA,"LC"
89,1,"Muk","ベトベトン (Betbeton)","Poison",NA,"Sludge Pokémon","50%","50%",1.2,30,75,105,105,75,65,100,50,"Stench","Sticky Hold","Poison Touch",NA,"ZU"
90,1,"Shellder","シェルダー (Shellder)","Water",NA,"Bivalve Pokémon","50%","50%",0.3,4,190,30,65,100,45,25,40,"Shell Armor","Skill Link","Overcoat",NA,"LC"
91,1,"Cloyster","パルシェン (Parshen)","Water","Ice","Bivalve Pokémon","50%","50%",1.5,132.5,60,50,95,180,85,45,70,"Shell Armor","Skill Link","Overcoat",NA,"NUBL"
92,1,"Gastly","ゴース (Ghos)","Ghost","Poison","Gas Pokémon","50%","50%",1.3,0.1,190,30,35,30,100,35,80,"Levitate",NA,NA,NA,"NFE"
93,1,"Haunter","ゴースト (Ghost)","Ghost","Poison","Gas Pokémon","50%","50%",1.6,0.1,90,45,50,45,115,55,95,"Levitate",NA,NA,NA,"NFE"
94,1,"Gengar","ゲンガー (Gangar)","Ghost","Poison","Shadow Pokémon","50%","50%",1.5,40.5,45,60,65,60,130,75,110,"Cursed Body",NA,NA,NA,"RU"
95,1,"Onix","イワーク (Iwark)","Rock","Ground","Rock Snake Pokémon","50%","50%",8.8,210,45,35,45,160,30,45,70,"Rock Head","Sturdy","Weak Armor",NA,"National Dex"
96,1,"Drowzee","スリープ (Sleepe)","Psychic",NA,"Hypnosis Pokémon","50%","50%",1,32.4,190,60,48,45,43,90,42,"Insomnia","Forewarn","Inner Focus",NA,"LC"
97,1,"Hypno","スリーパー (Sleeper)","Psychic",NA,"Hypnosis Pokémon","50%","50%",1.6,75.6,75,85,73,70,73,115,67,"Insomnia","Forewarn","Inner Focus",NA,"ZU"
98,1,"Krabby","クラブ (Crab)","Water",NA,"River Crab Pokémon","50%","50%",0.4,6.5,225,30,105,90,25,25,50,"Hyper Cutter","Shell Armor","Sheer Force",NA,"National Dex"
99,1,"Kingler","キングラー (Kingler)","Water",NA,"Pincer Pokémon","50%","50%",1.3,60,60,55,130,115,50,50,75,"Hyper Cutter","Shell Armor","Sheer Force",NA,"National Dex"
100,1,"Voltorb","ビリリダマ (Biriridama)","Electric",NA,"Ball Pokémon","","",0.5,10.4,190,40,30,50,55,55,100,"Soundproof","Static","Aftermath",NA,"LC"
101,1,"Electrode","マルマイン (Marumine)","Electric",NA,"Ball Pokémon","","",1.2,66.6,60,60,50,70,80,80,150,"Soundproof","Static","Aftermath",NA,"ZU"
102,1,"Exeggcute","タマタマ (Tamatama)","Grass","Psychic","Egg Pokémon","50%","50%",0.4,2.5,90,60,40,80,60,45,40,"Chlorophyll",NA,"Harvest",NA,"LC"
103,1,"Exeggutor","ナッシー (Nassy)","Grass","Psychic","Coconut Pokémon","50%","50%",2,120,45,95,95,85,125,75,55,"Chlorophyll",NA,"Harvest",NA,"ZU"
104,1,"Cubone","カラカラ (Karakara)","Ground",NA,"Lonely Pokémon","50%","50%",0.4,6.5,190,50,50,95,40,50,35,"Rock Head","Lightning Rod","Battle Armor",NA,"National Dex"
105,1,"Marowak","ガラガラ (Garagara)","Ground",NA,"Bone Keeper Pokémon","50%","50%",1,45,75,60,80,110,50,80,45,"Rock Head","Lightning Rod","Battle Armor",NA,"National Dex"
106,1,"Hitmonlee","サワムラー (Sawamular)","Fighting",NA,"Kicking Pokémon","100%","0%",1.5,49.8,45,50,120,53,35,110,87,"Limber","Reckless","Unburden",NA,"PU"
107,1,"Hitmonchan","エビワラー (Ebiwalar)","Fighting",NA,"Punching Pokémon","100%","0%",1.4,50.2,45,50,105,79,35,110,76,"Keen Eye","Iron Fist","Inner Focus",NA,"ZU"
108,1,"Lickitung","ベロリンガ (Beroringa)","Normal",NA,"Licking Pokémon","50%","50%",1.2,65.5,45,90,55,75,60,75,30,"Own Tempo","Oblivious","Cloud Nine",NA,"National Dex"
109,1,"Koffing","ドガース (Dogars)","Poison",NA,"Poison Gas Pokémon","50%","50%",0.6,1,190,40,65,95,60,45,35,"Levitate","Neutralizing Gas","Stench",NA,"LC"
110,1,"Weezing","マタドガス (Matadogas)","Poison",NA,"Poison Gas Pokémon","50%","50%",1.2,9.5,60,65,90,120,85,70,60,"Levitate","Neutralizing Gas","Stench",NA,"ZU"
111,1,"Rhyhorn","サイホーン (Sihorn)","Ground","Rock","Spikes Pokémon","50%","50%",1,115,120,80,85,95,30,30,25,"Lightning Rod","Rock Head","Reckless",NA,"LC"
112,1,"Rhydon","サイドン (Sidon)","Ground","Rock","Drill Pokémon","50%","50%",1.9,120,60,105,130,120,45,45,40,"Lightning Rod","Rock Head","Reckless",NA,"PU"
113,1,"Chansey","ラッキー (Lucky)","Normal",NA,"Egg Pokémon","0%","100%",1.1,34.6,30,250,5,5,35,105,50,"Natural Cure","Serene Grace","Healer",NA,"RU"
114,1,"Tangela","モンジャラ (Monjara)","Grass",NA,"Vine Pokémon","50%","50%",1,35,45,65,55,115,100,40,60,"Chlorophyll","Leaf Guard","Regenerator",NA,"National Dex"
115,1,"Kangaskhan","ガルーラ (Garura)","Normal",NA,"Parent Pokémon","0%","100%",2.2,80,45,105,95,80,40,80,90,"Early Bird","Scrappy","Inner Focus",NA,"National Dex"
116,1,"Horsea","タッツー (Tattu)","Water",NA,"Dragon Pokémon","50%","50%",0.4,8,225,30,40,70,70,25,60,"Swift Swim","Sniper","Damp",NA,"LC"
117,1,"Seadra","シードラ (Seadra)","Water",NA,"Dragon Pokémon","50%","50%",1.2,25,75,55,65,95,95,45,85,"Poison Point","Sniper","Damp",NA,"NFE"
118,1,"Goldeen","トサキント (Tosakinto)","Water",NA,"Goldfish Pokémon","50%","50%",0.6,15,225,45,67,60,35,50,63,"Swift Swim","Water Veil","Lightning Rod",NA,"National Dex"
119,1,"Seaking","アズマオウ (Azumao)","Water",NA,"Goldfish Pokémon","50%","50%",1.3,39,60,80,92,65,65,80,68,"Swift Swim","Water Veil","Lightning Rod",NA,"National Dex"
120,1,"Staryu","ヒトデマン (Hitodeman)","Water",NA,"Star Shape Pokémon","","",0.8,34.5,225,30,45,55,70,55,85,"Illuminate","Natural Cure","Analytic",NA,"National Dex"
121,1,"Starmie","スターミー (Starmie)","Water","Psychic","Mysterious Pokémon","","",1.1,80,60,60,75,85,100,85,115,"Illuminate","Natural Cure","Analytic",NA,"National Dex"
122,1,"Mr. Mime","バリヤード (Barrierd)","Psychic","Fairy","Barrier Pokémon","50%","50%",1.3,54.5,45,40,45,65,100,120,90,"Soundproof","Filter","Technician",NA,"National Dex"
123,1,"Scyther","ストライク (Strike)","Bug","Flying","Mantis Pokémon","50%","50%",1.5,56,45,70,110,80,55,80,105,"Swarm","Technician","Steadfast",NA,"NU"
124,1,"Jynx","ルージュラ (Rougela)","Ice","Psychic","Human Shape Pokémon","0%","100%",1.4,40.6,45,65,50,35,115,95,95,"Oblivious","Forewarn","Dry Skin",NA,"National Dex"
125,1,"Electabuzz","エレブー (Eleboo)","Electric",NA,"Electric Pokémon","75%","25%",1.1,30,45,65,83,57,95,85,105,"Static",NA,"Vital Spirit",NA,"NFE"
126,1,"Magmar","ブーバー (Boober)","Fire",NA,"Spitfire Pokémon","75%","25%",1.3,44.5,45,65,95,57,100,85,93,"Flame Body",NA,"Vital Spirit",NA,"NFE"
127,1,"Pinsir","カイロス (Kailios)","Bug",NA,"Stag Beetle Pokémon","50%","50%",1.5,55,45,65,125,100,55,70,85,"Hyper Cutter","Mold Breaker","Moxie",NA,"National Dex"
128,1,"Tauros","ケンタロス (Kentauros)","Normal",NA,"Wild Bull Pokémon","100%","0%",1.4,88.4,45,75,100,95,40,70,110,"Intimidate","Anger Point","Sheer Force",NA,"ZU"
129,1,"Magikarp","コイキング (Koiking)","Water",NA,"Fish Pokémon","50%","50%",0.9,10,255,20,10,55,15,20,80,"Swift Swim",NA,"Rattled",NA,"LC"
130,1,"Gyarados","ギャラドス (Gyarados)","Water","Flying","Atrocious Pokémon","50%","50%",6.5,235,45,95,125,79,60,100,81,"Intimidate",NA,"Moxie",NA,"RUBL"
131,1,"Lapras","ラプラス (Laplace)","Water","Ice","Transport Pokémon","50%","50%",2.5,220,45,130,85,80,85,95,60,"Water Absorb","Shell Armor","Hydration",NA,"ZU"
132,1,"Ditto","メタモン (Metamon)","Normal",NA,"Transform Pokémon","","",0.3,4,35,48,48,48,48,48,48,"Limber",NA,"Imposter",NA,"ZU"
133,1,"Eevee","イーブイ (Eievui)","Normal",NA,"Evolution Pokémon","87.5%","12.5%",0.3,6.5,45,55,55,50,45,65,55,"Run Away","Adaptability","Anticipation",NA,"LC"
134,1,"Vaporeon","シャワーズ (Showers)","Water",NA,"Bubble Jet Pokémon","87.5%","12.5%",1,29,45,130,65,60,110,95,65,"Water Absorb",NA,"Hydration",NA,"NU"
135,1,"Jolteon","サンダース (Thunders)","Electric",NA,"Lightning Pokémon","87.5%","12.5%",0.8,24.5,45,65,65,60,110,95,130,"Volt Absorb",NA,"Quick Feet",NA,"ZU"
136,1,"Flareon","ブースター (Booster)","Fire",NA,"Flame Pokémon","87.5%","12.5%",0.9,25,45,65,130,60,95,110,65,"Flash Fire",NA,"Guts",NA,"ZU"
137,1,"Porygon","ポリゴン (Porygon)","Normal",NA,"Virtual Pokémon","","",0.8,36.5,45,65,60,70,85,75,40,"Trace","Download","Analytic",NA,"NFE"
138,1,"Omanyte","オムナイト (Omnite)","Rock","Water","Spiral Pokémon","87.5%","12.5%",0.4,7.5,45,35,40,100,90,55,35,"Swift Swim","Shell Armor","Weak Armor",NA,"National Dex"
139,1,"Omastar","オムスター (Omstar)","Rock","Water","Spiral Pokémon","87.5%","12.5%",1,35,45,70,60,125,115,70,55,"Swift Swim","Shell Armor","Weak Armor",NA,"National Dex"
140,1,"Kabuto","カブト (Kabuto)","Rock","Water","Shellfish Pokémon","87.5%","12.5%",0.5,11.5,45,30,80,90,55,45,55,"Swift Swim","Battle Armor","Weak Armor",NA,"National Dex"
141,1,"Kabutops","カブトプス (Kabutops)","Rock","Water","Shellfish Pokémon","87.5%","12.5%",1.3,40.5,45,60,115,105,65,70,80,"Swift Swim","Battle Armor","Weak Armor",NA,"National Dex"
142,1,"Aerodactyl","プテラ (Ptera)","Rock","Flying","Fossil Pokémon","87.5%","12.5%",1.8,59,45,80,105,65,60,75,130,"Rock Head","Pressure","Unnerve",NA,"National Dex"
143,1,"Snorlax","カビゴン (Kabigon)","Normal",NA,"Sleeping Pokémon","87.5%","12.5%",2.1,460,25,160,110,65,65,110,30,"Immunity","Thick Fat","Gluttony",NA,"ZU"
144,1,"Articuno","フリーザー (Freezer)","Ice","Flying","Freeze Pokémon","","",1.7,55.4,3,90,85,100,95,125,85,"Pressure",NA,"Snow Cloak",NA,"ZU"
145,1,"Zapdos","サンダー (Thunder)","Electric","Flying","Electric Pokémon","","",1.6,52.6,3,90,90,85,125,90,100,"Pressure",NA,"Static",NA,"OU"
146,1,"Moltres","ファイヤー (Fire)","Fire","Flying","Flame Pokémon","","",2,60,3,90,100,90,125,85,90,"Pressure",NA,"Flame Body",NA,"OU"
147,1,"Dratini","ミニリュウ (Miniryu)","Dragon",NA,"Dragon Pokémon","50%","50%",1.8,3.3,45,41,64,45,50,50,50,"Shed Skin",NA,"Marvel Scale",NA,"LC"
148,1,"Dragonair","ハクリュー (Hakuryu)","Dragon",NA,"Dragon Pokémon","50%","50%",4,16.5,45,61,84,65,70,70,70,"Shed Skin",NA,"Marvel Scale",NA,"NFE"
149,1,"Dragonite","カイリュー (Kairyu)","Dragon","Flying","Dragon Pokémon","50%","50%",2.2,210,45,91,134,95,100,100,80,"Inner Focus",NA,"Multiscale",NA,"OU"
150,1,"Mewtwo","ミュウツー (Mewtwo)","Psychic",NA,"Genetic Pokémon","","",2,122,3,106,110,90,154,90,130,"Pressure",NA,"Unnerve",NA,"Uber"
151,1,"Mew","ミュウ (Mew)","Psychic",NA,"New Species Pokémon","","",0.4,4,45,100,100,100,100,100,100,"Synchronize",NA,NA,NA,"RU"
152,2,"Chikorita","チコリータ (Chicorita)","Grass",NA,"Leaf Pokémon","87.5%","12.5%",0.9,6.4,45,45,49,65,49,65,45,"Overgrow",NA,"Leaf Guard",NA,"LC"
153,2,"Bayleef","ベイリーフ (Bayleaf)","Grass",NA,"Leaf Pokémon","87.5%","12.5%",1.2,15.8,45,60,62,80,63,80,60,"Overgrow",NA,"Leaf Guard",NA,"NFE"
154,2,"Meganium","メガニウム (Meganium)","Grass",NA,"Herb Pokémon","87.5%","12.5%",1.8,100.5,45,80,82,100,83,100,80,"Overgrow",NA,"Leaf Guard",NA,"ZU"
155,2,"Cyndaquil","ヒノアラシ (Hinoarashi)","Fire",NA,"Fire Mouse Pokémon","87.5%","12.5%",0.5,7.9,45,39,52,43,60,50,65,"Blaze",NA,"Flash Fire",NA,"LC"
156,2,"Quilava","マグマラシ (Magmarashi)","Fire",NA,"Volcano Pokémon","87.5%","12.5%",0.9,19,45,58,64,58,80,65,80,"Blaze",NA,"Flash Fire",NA,"NFE"
157,2,"Typhlosion","バクフーン (Bakphoon)","Fire",NA,"Volcano Pokémon","87.5%","12.5%",1.7,79.5,45,78,84,78,109,85,100,"Blaze",NA,"Flash Fire",NA,"ZU"
158,2,"Totodile","ワニノコ (Waninoko)","Water",NA,"Big Jaw Pokémon","87.5%","12.5%",0.6,9.5,45,50,65,64,44,48,43,"Torrent",NA,"Sheer Force",NA,"LC"
159,2,"Croconaw","アリゲイツ (Alligates)","Water",NA,"Big Jaw Pokémon","87.5%","12.5%",1.1,25,45,65,80,80,59,63,58,"Torrent",NA,"Sheer Force",NA,"NFE"
160,2,"Feraligatr","オーダイル (Ordile)","Water",NA,"Big Jaw Pokémon","87.5%","12.5%",2.3,88.8,45,85,105,100,79,83,78,"Torrent",NA,"Sheer Force",NA,"NUBL"
161,2,"Sentret","オタチ (Otachi)","Normal",NA,"Scout Pokémon","50%","50%",0.8,6,255,35,46,34,35,45,20,"Run Away","Keen Eye","Frisk",NA,"LC"
162,2,"Furret","オオタチ (Ootachi)","Normal",NA,"Long Body Pokémon","50%","50%",1.8,32.5,90,85,76,64,45,55,90,"Run Away","Keen Eye","Frisk",NA,"ZU"
163,2,"Hoothoot","ホーホー (Hoho)","Normal","Flying","Owl Pokémon","50%","50%",0.7,21.2,255,60,30,30,36,56,50,"Insomnia","Keen Eye","Tinted Lens",NA,"LC"
164,2,"Noctowl","ヨルノズク (Yorunozuku)","Normal","Flying","Owl Pokémon","50%","50%",1.6,40.8,90,100,50,50,86,96,70,"Insomnia","Keen Eye","Tinted Lens",NA,"ZU"
165,2,"Ledyba","レディバ (Rediba)","Bug","Flying","Five Star Pokémon","50%","50%",1,10.8,255,40,20,30,40,80,55,"Swarm","Early Bird","Rattled",NA,"National Dex"
166,2,"Ledian","レディアン (Redian)","Bug","Flying","Five Star Pokémon","50%","50%",1.4,35.6,90,55,35,50,55,110,85,"Swarm","Early Bird","Iron Fist",NA,"National Dex"
167,2,"Spinarak","イトマル (Itomaru)","Bug","Poison","String Spit Pokémon","50%","50%",0.5,8.5,255,40,60,40,40,40,30,"Swarm","Insomnia","Sniper",NA,"LC"
168,2,"Ariados","アリアドス (Ariados)","Bug","Poison","Long Leg Pokémon","50%","50%",1.1,33.5,90,70,90,70,60,70,40,"Swarm","Insomnia","Sniper",NA,"ZU"
169,2,"Crobat","クロバット (Crobat)","Poison","Flying","Bat Pokémon","50%","50%",1.8,75,90,85,90,80,70,80,130,"Inner Focus",NA,"Infiltrator",NA,"National Dex"
170,2,"Chinchou","チョンチー (Chonchie)","Water","Electric","Angler Pokémon","50%","50%",0.5,12,190,75,38,38,56,56,67,"Volt Absorb","Illuminate","Water Absorb",NA,"LC"
171,2,"Lanturn","ランターン (Lantern)","Water","Electric","Light Pokémon","50%","50%",1.2,22.5,75,125,58,58,76,76,67,"Volt Absorb","Illuminate","Water Absorb",NA,"ZU"
172,2,"Pichu","ピチュー (Pichu)","Electric",NA,"Tiny Mouse Pokémon","50%","50%",0.3,2,190,20,40,15,35,35,60,"Static",NA,"Lightning Rod",NA,"LC"
173,2,"Cleffa","ピィ (Py)","Fairy",NA,"Star Shape Pokémon","25%","75%",0.3,3,150,50,25,28,45,55,15,"Cute Charm","Magic Guard","Friend Guard",NA,"LC"
174,2,"Igglybuff","ププリン (Pupurin)","Normal","Fairy","Balloon Pokémon","25%","75%",0.3,1,170,90,30,15,40,20,15,"Cute Charm","Competitive","Friend Guard",NA,"LC"
175,2,"Togepi","トゲピー (Togepy)","Fairy",NA,"Spike Ball Pokémon","87.5%","12.5%",0.3,1.5,190,35,20,65,40,65,20,"Hustle","Serene Grace","Super Luck",NA,"National Dex"
176,2,"Togetic","トゲチック (Togechick)","Fairy","Flying","Happiness Pokémon","87.5%","12.5%",0.6,3.2,75,55,40,85,80,105,40,"Hustle","Serene Grace","Super Luck",NA,"National Dex"
177,2,"Natu","ネイティ (Naty)","Psychic","Flying","Tiny Bird Pokémon","50%","50%",0.2,2,190,40,50,45,70,45,70,"Synchronize","Early Bird","Magic Bounce",NA,"National Dex"
178,2,"Xatu","ネイティオ (Natio)","Psychic","Flying","Mystic Pokémon","50%","50%",1.5,15,75,65,75,70,95,70,95,"Synchronize","Early Bird","Magic Bounce",NA,"National Dex"
179,2,"Mareep","メリープ (Merriep)","Electric",NA,"Wool Pokémon","50%","50%",0.6,7.8,235,55,40,40,65,45,35,"Static",NA,"Plus",NA,"LC"
180,2,"Flaaffy","モココ (Mokoko)","Electric",NA,"Wool Pokémon","50%","50%",0.8,13.3,120,70,55,55,80,60,45,"Static",NA,"Plus",NA,"NFE"
181,2,"Ampharos","デンリュウ (Denryu)","Electric",NA,"Light Pokémon","50%","50%",1.4,61.5,45,90,75,85,115,90,55,"Static",NA,"Plus",NA,"ZU"
182,2,"Bellossom","キレイハナ (Kireihana)","Grass",NA,"Flower Pokémon","50%","50%",0.4,5.8,45,75,80,95,90,100,50,"Chlorophyll",NA,"Healer",NA,"ZUBL"
183,2,"Marill","マリル (Maril)","Water","Fairy","Aqua Mouse Pokémon","50%","50%",0.4,8.5,190,70,20,50,20,50,40,"Thick Fat","Huge Power","Sap Sipper",NA,"NFE"
184,2,"Azumarill","マリルリ (Marilli)","Water","Fairy","Aqua Rabbit Pokémon","50%","50%",0.8,28.5,75,100,50,80,60,80,50,"Thick Fat","Huge Power","Sap Sipper",NA,"UU"
185,2,"Sudowoodo","ウソッキー (Usokkie)","Rock",NA,"Imitation Pokémon","50%","50%",1.2,38,65,70,100,115,30,65,30,"Sturdy","Rock Head","Rattled",NA,"ZU"
186,2,"Politoed","ニョロトノ (Nyorotono)","Water",NA,"Frog Pokémon","50%","50%",1.1,33.9,45,90,75,75,90,100,70,"Water Absorb","Damp","Drizzle",NA,"NUBL"
187,2,"Hoppip","ハネッコ (Hanecco)","Grass","Flying","Cottonweed Pokémon","50%","50%",0.4,0.5,255,35,35,40,35,55,50,"Chlorophyll","Leaf Guard","Infiltrator",NA,"LC"
188,2,"Skiploom","ポポッコ (Popocco)","Grass","Flying","Cottonweed Pokémon","50%","50%",0.6,1,120,55,45,50,45,65,80,"Chlorophyll","Leaf Guard","Infiltrator",NA,"NFE"
189,2,"Jumpluff","ワタッコ (Watacco)","Grass","Flying","Cottonweed Pokémon","50%","50%",0.8,3,45,75,55,70,55,95,110,"Chlorophyll","Leaf Guard","Infiltrator",NA,"ZU"
190,2,"Aipom","エイパム (Eipam)","Normal",NA,"Long Tail Pokémon","50%","50%",0.8,11.5,45,55,70,55,40,55,85,"Run Away","Pickup","Skill Link",NA,"NFE"
191,2,"Sunkern","ヒマナッツ (Himanuts)","Grass",NA,"Seed Pokémon","50%","50%",0.3,1.8,235,30,30,30,30,30,30,"Chlorophyll","Solar Power","Early Bird",NA,"LC"
192,2,"Sunflora","キマワリ (Kimawari)","Grass",NA,"Sun Pokémon","50%","50%",0.8,8.5,120,75,75,55,105,85,30,"Chlorophyll","Solar Power","Early Bird",NA,"ZU"
193,2,"Yanma","ヤンヤンマ (Yanyanma)","Bug","Flying","Clear Wing Pokémon","50%","50%",1.2,38,75,65,65,45,75,45,95,"Speed Boost","Compound Eyes","Frisk",NA,"NFE"
194,2,"Wooper","ウパー (Upah)","Water","Ground","Water Fish Pokémon","50%","50%",0.4,8.5,255,55,45,45,25,25,15,"Damp","Water Absorb","Unaware",NA,"LC"
195,2,"Quagsire","ヌオー (Nuoh)","Water","Ground","Water Fish Pokémon","50%","50%",1.4,75,90,95,85,85,65,65,35,"Damp","Water Absorb","Unaware",NA,"RU"
196,2,"Espeon","エーフィ (Eifie)","Psychic",NA,"Sun Pokémon","87.5%","12.5%",0.9,26.5,45,65,65,60,130,95,110,"Synchronize",NA,"Magic Bounce",NA,"PU"
197,2,"Umbreon","ブラッキー (Blacky)","Dark",NA,"Moonlight Pokémon","87.5%","12.5%",1,27,45,95,65,110,60,130,65,"Synchronize",NA,"Inner Focus",NA,"RU"
198,2,"Murkrow","ヤミカラス (Yamikarasu)","Dark","Flying","Darkness Pokémon","50%","50%",0.5,2.1,30,60,85,42,85,42,91,"Insomnia","Super Luck","Prankster",NA,"NFE"
199,2,"Slowking","ヤドキング (Yadoking)","Water","Psychic","Royal Pokémon","50%","50%",2,79.5,70,95,75,80,100,110,30,"Oblivious","Own Tempo","Regenerator",NA,"UU"
200,2,"Misdreavus","ムウマ (Muma)","Ghost",NA,"Screech Pokémon","50%","50%",0.7,1,45,60,60,60,85,85,85,"Levitate",NA,NA,NA,"NFE"
201,2,"Unown","アンノーン (Unknown)","Psychic",NA,"Symbol Pokémon","","",0.5,5,225,48,72,48,72,48,48,"Levitate",NA,NA,NA,"National Dex"
202,2,"Wobbuffet","ソーナンス (Sonans)","Psychic",NA,"Patient Pokémon","50%","50%",1.3,28.5,45,190,33,58,33,58,33,"Shadow Tag",NA,"Telepathy",NA,"National Dex"
203,2,"Girafarig","キリンリキ (Kirinriki)","Normal","Psychic","Long Neck Pokémon","50%","50%",1.5,41.5,60,70,80,65,90,65,85,"Inner Focus","Early Bird","Sap Sipper",NA,"NFE"
204,2,"Pineco","クヌギダマ (Kunugidama)","Bug",NA,"Bagworm Pokémon","50%","50%",0.6,7.2,190,50,65,90,35,35,15,"Sturdy",NA,"Overcoat",NA,"LC"
205,2,"Forretress","フォレトス (Foretos)","Bug","Steel","Bagworm Pokémon","50%","50%",1.2,125.8,75,75,90,140,60,60,40,"Sturdy",NA,"Overcoat",NA,"RU"
206,2,"Dunsparce","ノコッチ (Nokocchi)","Normal",NA,"Land Snake Pokémon","50%","50%",1.5,14,190,100,70,70,65,65,45,"Serene Grace","Run Away","Rattled",NA,"NFE"
207,2,"Gligar","グライガー (Gliger)","Ground","Flying","FlyScorpion Pokémon","50%","50%",1.1,64.8,60,65,75,105,35,65,85,"Hyper Cutter","Sand Veil","Immunity",NA,"NU"
208,2,"Steelix","ハガネール (Haganeil)","Steel","Ground","Iron Snake Pokémon","50%","50%",9.2,400,25,75,85,200,55,65,30,"Rock Head","Sturdy","Sheer Force",NA,"National Dex"
209,2,"Snubbull","ブルー (Bulu)","Fairy",NA,"Fairy Pokémon","25%","75%",0.6,7.8,190,60,80,50,40,40,30,"Intimidate","Run Away","Rattled",NA,"LC"
210,2,"Granbull","グランブル (Granbulu)","Fairy",NA,"Fairy Pokémon","25%","75%",1.4,48.7,75,90,120,75,60,60,45,"Intimidate","Quick Feet","Rattled",NA,"ZU"
211,2,"Qwilfish","ハリーセン (Harysen)","Water","Poison","Balloon Pokémon","50%","50%",0.5,3.9,45,65,95,85,55,55,85,"Poison Point","Swift Swim","Intimidate",NA,"PU"
212,2,"Scizor","ハッサム (Hassam)","Bug","Steel","Pincer Pokémon","50%","50%",1.8,118,25,70,130,100,55,80,65,"Swarm","Technician","Light Metal",NA,"OU"
213,2,"Shuckle","ツボツボ (Tsubotsubo)","Bug","Rock","Mold Pokémon","50%","50%",0.6,20.5,190,20,10,230,10,230,5,"Sturdy","Gluttony","Contrary",NA,"National Dex"
214,2,"Heracross","ヘラクロス (Heracros)","Bug","Fighting","Single Horn Pokémon","50%","50%",1.5,54,45,80,125,75,40,95,85,"Swarm","Guts","Moxie",NA,"PUBL"
215,2,"Sneasel","ニューラ (Nyula)","Dark","Ice","Sharp Claw Pokémon","50%","50%",0.9,28,60,55,95,55,35,75,115,"Inner Focus","Keen Eye","Pickpocket",NA,"NFE"
216,2,"Teddiursa","ヒメグマ (Himeguma)","Normal",NA,"Little Bear Pokémon","50%","50%",0.6,8.8,120,60,80,50,50,50,40,"Pickup","Quick Feet","Honey Gather",NA,"LC"
217,2,"Ursaring","リングマ (Ringuma)","Normal",NA,"Hibernator Pokémon","50%","50%",1.8,125.8,60,90,130,75,75,75,55,"Guts","Quick Feet","Unnerve",NA,"NFE"
218,2,"Slugma","マグマッグ (Magmag)","Fire",NA,"Lava Pokémon","50%","50%",0.7,35,190,40,40,40,70,40,20,"Magma Armor","Flame Body","Weak Armor",NA,"LC"
219,2,"Magcargo","マグカルゴ (Magcargot)","Fire","Rock","Lava Pokémon","50%","50%",0.8,55,75,60,50,120,90,80,30,"Magma Armor","Flame Body","Weak Armor",NA,"ZU"
220,2,"Swinub","ウリムー (Urimoo)","Ice","Ground","Pig Pokémon","50%","50%",0.4,6.5,225,50,50,40,30,30,50,"Oblivious","Snow Cloak","Thick Fat",NA,"LC"
221,2,"Piloswine","イノムー (Inomoo)","Ice","Ground","Swine Pokémon","50%","50%",1.1,55.8,75,100,100,80,60,60,50,"Oblivious","Snow Cloak","Thick Fat",NA,"NFE"
222,2,"Corsola","サニーゴ (Sunnygo)","Water","Rock","Coral Pokémon","25%","75%",0.6,5,60,65,55,95,65,95,35,"Hustle","Natural Cure","Regenerator",NA,"National Dex"
223,2,"Remoraid","テッポウオ (Teppouo)","Water",NA,"Jet Pokémon","50%","50%",0.6,12,190,35,65,35,65,35,65,"Hustle","Sniper","Moody",NA,"National Dex"
224,2,"Octillery","オクタン (Okutank)","Water",NA,"Jet Pokémon","50%","50%",0.9,28.5,75,75,105,75,105,75,45,"Suction Cups","Sniper","Moody",NA,"National Dex"
225,2,"Delibird","デリバード (Delibird)","Ice","Flying","Delivery Pokémon","50%","50%",0.9,16,45,45,55,45,65,45,75,"Vital Spirit","Hustle","Insomnia",NA,"ZU"
226,2,"Mantine","マンタイン (Mantain)","Water","Flying","Kite Pokémon","50%","50%",2.1,220,25,85,40,70,80,140,70,"Swift Swim","Water Absorb","Water Veil",NA,"National Dex"
227,2,"Skarmory","エアームド (Airmd)","Steel","Flying","Armor Bird Pokémon","50%","50%",1.7,50.5,25,65,80,140,40,70,70,"Keen Eye","Sturdy","Weak Armor",NA,"UU"
228,2,"Houndour","デルビル (Delvil)","Dark","Fire","Dark Pokémon","50%","50%",0.6,10.8,120,45,60,30,80,50,65,"Early Bird","Flash Fire","Unnerve",NA,"LC"
229,2,"Houndoom","ヘルガー (Hellgar)","Dark","Fire","Dark Pokémon","50%","50%",1.4,35,45,75,90,50,110,80,95,"Early Bird","Flash Fire","Unnerve",NA,"ZU"
230,2,"Kingdra","キングドラ (Kingdra)","Water","Dragon","Dragon Pokémon","50%","50%",1.8,152,45,75,95,95,95,95,85,"Swift Swim","Sniper","Damp",NA,"ZUBL"
231,2,"Phanpy","ゴマゾウ (Gomazou)","Ground",NA,"Long Nose Pokémon","50%","50%",0.5,33.5,120,90,60,60,40,40,40,"Pickup",NA,"Sand Veil",NA,"LC"
232,2,"Donphan","ドンファン (Donfan)","Ground",NA,"Armor Pokémon","50%","50%",1.1,120,60,90,120,120,60,60,50,"Sturdy",NA,"Sand Veil",NA,"UU"
233,2,"Porygon2","ポリゴン２ (Porygon2)","Normal",NA,"Virtual Pokémon","","",0.6,32.5,45,85,80,90,105,95,60,"Trace","Download","Analytic",NA,"ZUBL"
234,2,"Stantler","オドシシ (Odoshishi)","Normal",NA,"Big Horn Pokémon","50%","50%",1.4,71.2,45,73,95,62,85,65,85,"Intimidate","Frisk","Sap Sipper",NA,"NFE"
235,2,"Smeargle","ドーブル (Doble)","Normal",NA,"Painter Pokémon","50%","50%",1.2,58,45,55,20,35,20,45,75,"Own Tempo","Technician","Moody",NA,"ZU"
236,2,"Tyrogue","バルキー (Balkie)","Fighting",NA,"Scuffle Pokémon","100%","0%",0.7,21,75,35,35,35,35,35,35,"Guts","Steadfast","Vital Spirit",NA,"LC"
237,2,"Hitmontop","カポエラー (Kapoerer)","Fighting",NA,"Handstand Pokémon","100%","0%",1.4,48,45,50,95,95,35,110,70,"Intimidate","Technician","Steadfast",NA,"ZU"
238,2,"Smoochum","ムチュール (Muchul)","Ice","Psychic","Kiss Pokémon","0%","100%",0.4,6,45,45,30,15,85,65,65,"Oblivious","Forewarn","Hydration",NA,"National Dex"
239,2,"Elekid","エレキッド (Elekid)","Electric",NA,"Electric Pokémon","75%","25%",0.6,23.5,45,45,63,37,65,55,95,"Static",NA,"Vital Spirit",NA,"LC"
240,2,"Magby","ブビィ (Buby)","Fire",NA,"Live Coal Pokémon","75%","25%",0.7,21.4,45,45,75,37,70,55,83,"Flame Body",NA,"Vital Spirit",NA,"NFE"
241,2,"Miltank","ミルタンク (Miltank)","Normal",NA,"Milk Cow Pokémon","0%","100%",1.2,75.5,45,95,80,105,40,70,100,"Thick Fat","Scrappy","Sap Sipper",NA,"National Dex"
242,2,"Blissey","ハピナス (Happinas)","Normal",NA,"Happiness Pokémon","0%","100%",1.5,46.8,30,255,10,10,75,135,55,"Natural Cure","Serene Grace","Healer",NA,"RU"
243,2,"Raikou","ライコウ (Raikou)","Electric",NA,"Thunder Pokémon","","",1.9,178,3,90,85,75,115,100,115,"Pressure",NA,"Inner Focus",NA,"NU"
244,2,"Entei","エンテイ (Entei)","Fire",NA,"Volcano Pokémon","","",2.1,198,3,115,115,85,90,75,100,"Pressure",NA,"Inner Focus",NA,"RU"
245,2,"Suicune","スイクン (Suicune)","Water",NA,"Aurora Pokémon","","",2,187,3,100,75,115,90,115,85,"Pressure",NA,"Inner Focus",NA,"NUBL"
246,2,"Larvitar","ヨーギラス (Yogiras)","Rock","Ground","Rock Skin Pokémon","50%","50%",0.6,72,45,50,64,50,45,50,41,"Guts",NA,"Sand Veil",NA,"LC"
247,2,"Pupitar","サナギラス (Sanagiras)","Rock","Ground","Hard Shell Pokémon","50%","50%",1.2,152,45,70,84,70,65,70,51,"Shed Skin",NA,NA,NA,"NFE"
248,2,"Tyranitar","バンギラス (Bangiras)","Rock","Dark","Armor Pokémon","50%","50%",2,202,45,100,134,110,95,100,61,"Sand Stream",NA,"Unnerve",NA,"UU"
249,2,"Lugia","ルギア (Lugia)","Psychic","Flying","Diving Pokémon","","",5.2,216,3,106,90,130,90,154,110,"Pressure",NA,"Multiscale",NA,"Uber"
250,2,"Ho-oh","ホウオウ (Houou)","Fire","Flying","Rainbow Pokémon","","",3.8,199,3,106,130,90,110,154,90,"Pressure",NA,"Regenerator",NA,NA
251,2,"Celebi","セレビィ (Celebi)","Psychic","Grass","Time Travel Pokémon","","",0.6,5,45,100,100,100,100,100,100,"Natural Cure",NA,NA,NA,"National Dex"
252,3,"Treecko","キモリ (Kimori)","Grass",NA,"Wood Gecko Pokémon","87.5%","12.5%",0.5,5,45,40,45,35,65,55,70,"Overgrow",NA,"Unburden",NA,"LC"
253,3,"Grovyle","ジュプトル (Juptile)","Grass",NA,"Wood Gecko Pokémon","87.5%","12.5%",0.9,21.6,45,50,65,45,85,65,95,"Overgrow",NA,"Unburden",NA,"NFE"
254,3,"Sceptile","ジュカイン (Jukain)","Grass",NA,"Forest Pokémon","87.5%","12.5%",1.7,52.2,45,70,85,65,105,85,120,"Overgrow",NA,"Unburden",NA,"ZU"
255,3,"Torchic","アチャモ (Achamo)","Fire",NA,"Chick Pokémon","87.5%","12.5%",0.4,2.5,45,45,60,40,70,50,45,"Blaze",NA,"Speed Boost",NA,"NFE"
256,3,"Combusken","ワカシャモ (Wakasyamo)","Fire","Fighting","Young Fowl Pokémon","87.5%","12.5%",0.9,19.5,45,60,85,60,85,60,55,"Blaze",NA,"Speed Boost",NA,"NFE"
257,3,"Blaziken","バシャーモ (Bursyamo)","Fire","Fighting","Blaze Pokémon","87.5%","12.5%",1.9,52,45,80,120,70,110,70,80,"Blaze",NA,"Speed Boost",NA,"UUBL"
258,3,"Mudkip","ミズゴロウ (Mizugorou)","Water",NA,"Mud Fish Pokémon","87.5%","12.5%",0.4,7.6,45,50,70,50,50,50,40,"Torrent",NA,"Damp",NA,"LC"
259,3,"Marshtomp","ヌマクロー (Numacraw)","Water","Ground","Mud Fish Pokémon","87.5%","12.5%",0.7,28,45,70,85,70,60,70,50,"Torrent",NA,"Damp",NA,"NFE"
260,3,"Swampert","ラグラージ (Laglarge)","Water","Ground","Mud Fish Pokémon","87.5%","12.5%",1.5,81.9,45,100,110,90,85,90,60,"Torrent",NA,"Damp",NA,"NU"
261,3,"Poochyena","ポチエナ (Pochiena)","Dark",NA,"Bite Pokémon","50%","50%",0.5,13.6,255,35,55,35,30,30,35,"Run Away","Quick Feet","Rattled",NA,"LC"
262,3,"Mightyena","グラエナ (Graena)","Dark",NA,"Bite Pokémon","50%","50%",1,37,127,70,90,70,60,60,70,"Intimidate","Quick Feet","Moxie",NA,"ZU"
263,3,"Zigzagoon","ジグザグマ (Jiguzaguma)","Normal",NA,"TinyRaccoon Pokémon","50%","50%",0.4,17.5,255,38,30,41,30,41,60,"Pickup","Gluttony","Quick Feet",NA,"National Dex"
264,3,"Linoone","マッスグマ (Massuguma)","Normal",NA,"Rushing Pokémon","50%","50%",0.5,32.5,90,78,70,61,50,61,100,"Pickup","Gluttony","Quick Feet",NA,"National Dex"
265,3,"Wurmple","ケムッソ (Kemusso)","Bug",NA,"Worm Pokémon","50%","50%",0.3,3.6,255,45,45,35,20,30,20,"Shield Dust",NA,"Run Away",NA,"National Dex"
266,3,"Silcoon","カラサリス (Karasalis)","Bug",NA,"Cocoon Pokémon","50%","50%",0.6,10,120,50,35,55,25,25,15,"Shed Skin",NA,NA,NA,"National Dex"
267,3,"Beautifly","アゲハント (Agehunt)","Bug","Flying","Butterfly Pokémon","50%","50%",1,28.4,45,60,70,50,100,50,65,"Swarm",NA,"Rivalry",NA,"National Dex"
268,3,"Cascoon","マユルド (Mayuld)","Bug",NA,"Cocoon Pokémon","50%","50%",0.7,11.5,120,50,35,55,25,25,15,"Shed Skin",NA,NA,NA,"National Dex"
269,3,"Dustox","ドクケイル (Dokucale)","Bug","Poison","Poison Moth Pokémon","50%","50%",1.2,31.6,45,60,50,70,50,90,65,"Shield Dust",NA,"Compound Eyes",NA,"National Dex"
270,3,"Lotad","ハスボー (Hassboh)","Water","Grass","Water Weed Pokémon","50%","50%",0.5,2.6,255,40,30,30,40,50,30,"Swift Swim","Rain Dish","Own Tempo",NA,"LC"
271,3,"Lombre","ハスブレロ (Hasubrero)","Water","Grass","Jolly Pokémon","50%","50%",1.2,32.5,120,60,50,50,60,70,50,"Swift Swim","Rain Dish","Own Tempo",NA,"NFE"
272,3,"Ludicolo","ルンパッパ (Runpappa)","Water","Grass","Carefree Pokémon","50%","50%",1.5,55,45,80,70,70,90,100,70,"Swift Swim","Rain Dish","Own Tempo",NA,"ZU"
273,3,"Seedot","タネボー (Taneboh)","Grass",NA,"Acorn Pokémon","50%","50%",0.5,4,255,40,40,50,30,30,30,"Chlorophyll","Early Bird","Pickpocket",NA,"LC"
274,3,"Nuzleaf","コノハナ (Konohana)","Grass","Dark","Wily Pokémon","50%","50%",1,28,120,70,70,40,60,40,60,"Chlorophyll","Early Bird","Pickpocket",NA,"NFE"
275,3,"Shiftry","ダーテング (Dirteng)","Grass","Dark","Wicked Pokémon","50%","50%",1.3,59.6,45,90,100,60,90,60,80,"Chlorophyll","Wind Rider","Pickpocket",NA,"ZU"
276,3,"Taillow","スバメ (Subame)","Normal","Flying","TinySwallow Pokémon","50%","50%",0.3,2.3,200,40,55,30,30,30,85,"Guts",NA,"Scrappy",NA,"National Dex"
277,3,"Swellow","オオスバメ (Ohsubame)","Normal","Flying","Swallow Pokémon","50%","50%",0.7,19.8,45,60,85,60,75,50,125,"Guts",NA,"Scrappy",NA,"National Dex"
278,3,"Wingull","キャモメ (Camome)","Water","Flying","Seagull Pokémon","50%","50%",0.6,9.5,190,40,30,30,55,30,85,"Keen Eye","Hydration","Rain Dish",NA,"LC"
279,3,"Pelipper","ペリッパー (Pelipper)","Water","Flying","Water Bird Pokémon","50%","50%",1.2,28,45,60,50,100,95,70,65,"Keen Eye","Drizzle","Rain Dish",NA,"UUBL"
280,3,"Ralts","ラルトス (Ralts)","Psychic","Fairy","Feeling Pokémon","50%","50%",0.4,6.6,235,28,25,25,45,35,40,"Synchronize","Trace","Telepathy",NA,"LC"
281,3,"Kirlia","キルリア (Kirlia)","Psychic","Fairy","Emotion Pokémon","50%","50%",0.8,20.2,120,38,35,35,65,55,50,"Synchronize","Trace","Telepathy",NA,"NFE"
282,3,"Gardevoir","サーナイト (Sirnight)","Psychic","Fairy","Embrace Pokémon","50%","50%",1.6,48.4,45,68,65,65,125,115,80,"Synchronize","Trace","Telepathy",NA,"RU"
283,3,"Surskit","アメタマ (Ametama)","Bug","Water","Pond Skater Pokémon","50%","50%",0.5,1.7,200,40,30,32,50,52,65,"Swift Swim",NA,"Rain Dish",NA,"LC"
284,3,"Masquerain","アメモース (Amemoth)","Bug","Flying","Eyeball Pokémon","50%","50%",0.8,3.6,75,70,60,62,100,82,80,"Intimidate",NA,"Unnerve",NA,"ZU"
285,3,"Shroomish","キノココ (Kinococo)","Grass",NA,"Mushroom Pokémon","50%","50%",0.4,4.5,255,60,40,60,40,60,35,"Effect Spore","Poison Heal","Quick Feet",NA,"LC"
286,3,"Breloom","キノガッサ (Kinogassa)","Grass","Fighting","Mushroom Pokémon","50%","50%",1.2,39.2,90,60,130,80,60,60,70,"Effect Spore","Poison Heal","Technician",NA,"NU"
287,3,"Slakoth","ナマケロ (Namakero)","Normal",NA,"Slacker Pokémon","50%","50%",0.8,24,255,60,60,60,35,35,30,"Truant",NA,NA,NA,"LC"
288,3,"Vigoroth","ヤルキモノ (Yarukimono)","Normal",NA,"Wild Monkey Pokémon","50%","50%",1.4,46.5,120,80,80,80,55,55,90,"Vital Spirit",NA,NA,NA,"NFE"
289,3,"Slaking","ケッキング (Kekking)","Normal",NA,"Lazy Pokémon","50%","50%",2,130.5,45,150,160,100,95,65,100,"Truant",NA,NA,NA,"ZU"
290,3,"Nincada","ツチニン (Tutinin)","Bug","Ground","Trainee Pokémon","50%","50%",0.5,5.5,255,31,45,90,30,30,40,"Compound Eyes",NA,"Run Away",NA,"National Dex"
291,3,"Ninjask","テッカニン (Tekkanin)","Bug","Flying","Ninja Pokémon","50%","50%",0.8,12,120,61,90,45,50,50,160,"Speed Boost",NA,"Infiltrator",NA,"National Dex"
292,3,"Shedinja","ヌケニン (Nukenin)","Bug","Ghost","Shed Pokémon","","",0.8,1.2,45,1,90,45,30,30,40,"Wonder Guard",NA,NA,NA,"National Dex"
293,3,"Whismur","ゴニョニョ (Gonyonyo)","Normal",NA,"Whisper Pokémon","50%","50%",0.6,16.3,190,64,51,23,51,23,28,"Soundproof",NA,"Rattled",NA,"National Dex"
294,3,"Loudred","ドゴーム (Dogohmb)","Normal",NA,"Big Voice Pokémon","50%","50%",1,40.5,120,84,71,43,71,43,48,"Soundproof",NA,"Scrappy",NA,"National Dex"
295,3,"Exploud","バクオング (Bakuong)","Normal",NA,"Loud Noise Pokémon","50%","50%",1.5,84,45,104,91,63,91,73,68,"Soundproof",NA,"Scrappy",NA,"National Dex"
296,3,"Makuhita","マクノシタ (Makunoshita)","Fighting",NA,"Guts Pokémon","75%","25%",1,86.4,180,72,60,30,20,30,25,"Thick Fat","Guts","Sheer Force",NA,"LC"
297,3,"Hariyama","ハリテヤマ (Hariteyama)","Fighting",NA,"Arm Thrust Pokémon","75%","25%",2.3,253.8,200,144,120,60,40,60,50,"Thick Fat","Guts","Sheer Force",NA,"PU"
298,3,"Azurill","ルリリ (Ruriri)","Normal","Fairy","Polka Dot Pokémon","25%","75%",0.2,2,150,50,20,40,20,40,20,"Thick Fat","Huge Power","Sap Sipper",NA,"LC"
299,3,"Nosepass","ノズパス (Nosepass)","Rock",NA,"Compass Pokémon","50%","50%",1,97,255,30,45,135,45,90,30,"Sturdy","Magnet Pull","Sand Force",NA,"LC"
300,3,"Skitty","エネコ (Eneco)","Normal",NA,"Kitten Pokémon","25%","75%",0.6,11,255,50,45,45,35,35,50,"Cute Charm","Normalize","Wonder Skin",NA,"National Dex"
301,3,"Delcatty","エネコロロ (Enekororo)","Normal",NA,"Prim Pokémon","25%","75%",1.1,32.6,60,70,65,65,55,55,90,"Cute Charm","Normalize","Wonder Skin",NA,"National Dex"
302,3,"Sableye","ヤミラミ (Yamirami)","Dark","Ghost","Darkness Pokémon","50%","50%",0.5,11,45,50,75,75,65,65,50,"Keen Eye","Stall","Prankster",NA,"ZU"
303,3,"Mawile","クチート (Kucheat)","Steel","Fairy","Deceiver Pokémon","50%","50%",0.6,11.5,45,50,85,85,55,55,50,"Hyper Cutter","Intimidate","Sheer Force",NA,"National Dex"
304,3,"Aron","ココドラ (Cokodora)","Steel","Rock","Iron Armor Pokémon","50%","50%",0.4,60,180,50,70,100,40,40,30,"Sturdy","Rock Head","Heavy Metal",NA,"National Dex"
305,3,"Lairon","コドラ (Kodora)","Steel","Rock","Iron Armor Pokémon","50%","50%",0.9,120,90,60,90,140,50,50,40,"Sturdy","Rock Head","Heavy Metal",NA,"National Dex"
306,3,"Aggron","ボスゴドラ (Bossgodora)","Steel","Rock","Iron Armor Pokémon","50%","50%",2.1,360,45,70,110,180,60,60,50,"Sturdy","Rock Head","Heavy Metal",NA,"National Dex"
307,3,"Meditite","アサナン (Asanan)","Fighting","Psychic","Meditate Pokémon","50%","50%",0.6,11.2,180,30,40,55,40,55,60,"Pure Power",NA,"Telepathy",NA,"NFE"
308,3,"Medicham","チャーレム (Charem)","Fighting","Psychic","Meditate Pokémon","50%","50%",1.3,31.5,90,60,60,75,60,75,80,"Pure Power",NA,"Telepathy",NA,"ZU"
309,3,"Electrike","ラクライ (Rakurai)","Electric",NA,"Lightning Pokémon","50%","50%",0.6,15.2,120,40,45,40,65,40,65,"Static","Lightning Rod","Minus",NA,"National Dex"
310,3,"Manectric","ライボルト (Livolt)","Electric",NA,"Discharge Pokémon","50%","50%",1.5,40.2,45,70,75,60,105,60,105,"Static","Lightning Rod","Minus",NA,"National Dex"
311,3,"Plusle","プラスル (Prasle)","Electric",NA,"Cheering Pokémon","50%","50%",0.4,4.2,200,60,50,40,85,75,95,"Plus",NA,"Lightning Rod",NA,"ZU"
312,3,"Minun","マイナン (Minun)","Electric",NA,"Cheering Pokémon","50%","50%",0.4,4.2,200,60,40,50,75,85,95,"Minus",NA,"Volt Absorb",NA,"ZU"
313,3,"Volbeat","バルビート (Barubeat)","Bug",NA,"Firefly Pokémon","100%","0%",0.7,17.7,150,65,73,75,47,85,85,"Illuminate","Swarm","Prankster",NA,"ZU"
314,3,"Illumise","イルミーゼ (Illumise)","Bug",NA,"Firefly Pokémon","0%","100%",0.6,17.7,150,65,47,75,73,85,85,"Oblivious","Tinted Lens","Prankster",NA,"ZU"
315,3,"Roselia","ロゼリア (Roselia)","Grass","Poison","Thorn Pokémon","50%","50%",0.3,2,150,50,60,45,100,80,65,"Natural Cure","Poison Point","Leaf Guard",NA,"National Dex"
316,3,"Gulpin","ゴクリン (Gokulin)","Poison",NA,"Stomach Pokémon","50%","50%",0.4,10.3,225,70,43,53,43,53,40,"Liquid Ooze","Sticky Hold","Gluttony",NA,"LC"
317,3,"Swalot","マルノーム (Marunoom)","Poison",NA,"Poison Bag Pokémon","50%","50%",1.7,80,75,100,73,83,73,83,55,"Liquid Ooze","Sticky Hold","Gluttony",NA,"ZU"
318,3,"Carvanha","キバニア (Kibanha)","Water","Dark","Savage Pokémon","50%","50%",0.8,20.8,225,45,90,20,65,20,65,"Rough Skin",NA,"Speed Boost",NA,"National Dex"
319,3,"Sharpedo","サメハダー (Samehader)","Water","Dark","Brutal Pokémon","50%","50%",1.8,88.8,60,70,120,40,95,40,95,"Rough Skin",NA,"Speed Boost",NA,"National Dex"
320,3,"Wailmer","ホエルコ (Hoeruko)","Water",NA,"Ball Whale Pokémon","50%","50%",2,130,125,130,70,35,70,35,60,"Water Veil","Oblivious","Pressure",NA,"National Dex"
321,3,"Wailord","ホエルオー (Whaloh)","Water",NA,"Float Whale Pokémon","50%","50%",14.5,398,60,170,90,45,90,45,60,"Water Veil","Oblivious","Pressure",NA,"National Dex"
322,3,"Numel","ドンメル (Donmel)","Fire","Ground","Numb Pokémon","50%","50%",0.7,24,255,60,60,40,65,45,35,"Oblivious","Simple","Own Tempo",NA,"LC"
323,3,"Camerupt","バクーダ (Bakuuda)","Fire","Ground","Eruption Pokémon","50%","50%",1.9,220,150,70,100,70,105,75,40,"Magma Armor","Solid Rock","Anger Point",NA,"ZU"
324,3,"Torkoal","コータス (Cotoise)","Fire",NA,"Coal Pokémon","50%","50%",0.5,80.4,90,70,85,140,85,70,20,"White Smoke","Drought","Shell Armor",NA,"ZU"
325,3,"Spoink","バネブー (Baneboo)","Psychic",NA,"Bounce Pokémon","50%","50%",0.7,30.6,255,60,25,35,70,80,60,"Thick Fat","Own Tempo","Gluttony",NA,"LC"
326,3,"Grumpig","ブーピッグ (Boopig)","Psychic",NA,"Manipulate Pokémon","50%","50%",0.9,71.5,60,80,45,65,90,110,80,"Thick Fat","Own Tempo","Gluttony",NA,"ZU"
327,3,"Spinda","パッチール (Patcheel)","Normal",NA,"Spot Panda Pokémon","50%","50%",1.1,5,255,60,60,60,60,60,60,"Own Tempo","Tangled Feet","Contrary",NA,"National Dex"
328,3,"Trapinch","ナックラー (Nuckrar)","Ground",NA,"Ant Pit Pokémon","50%","50%",0.7,15,255,45,100,45,45,45,10,"Hyper Cutter","Arena Trap","Sheer Force",NA,"LC"
329,3,"Vibrava","ビブラーバ (Vibrava)","Ground","Dragon","Vibration Pokémon","50%","50%",1.1,15.3,120,50,70,50,50,50,70,"Levitate",NA,NA,NA,"NFE"
330,3,"Flygon","フライゴン (Flygon)","Ground","Dragon","Mystic Pokémon","50%","50%",2,82,45,80,100,80,80,80,100,"Levitate",NA,NA,NA,"NU"
331,3,"Cacnea","サボネア (Sabonea)","Grass",NA,"Cactus Pokémon","50%","50%",0.4,51.3,190,50,85,40,85,40,35,"Sand Veil",NA,"Water Absorb",NA,"LC"
332,3,"Cacturne","ノクタス (Noctus)","Grass","Dark","Scarecrow Pokémon","50%","50%",1.3,77.4,60,70,115,60,115,60,55,"Sand Veil",NA,"Water Absorb",NA,"ZU"
333,3,"Swablu","チルット (Tyltto)","Normal","Flying","Cotton Bird Pokémon","50%","50%",0.4,1.2,255,45,40,60,40,75,50,"Natural Cure",NA,"Cloud Nine",NA,"LC"
334,3,"Altaria","チルタリス (Tyltalis)","Dragon","Flying","Humming Pokémon","50%","50%",1.1,20.6,45,75,70,90,70,105,80,"Natural Cure",NA,"Cloud Nine",NA,"NU"
335,3,"Zangoose","ザングース (Zangoose)","Normal",NA,"Cat Ferret Pokémon","50%","50%",1.3,40.3,90,73,115,60,60,60,90,"Immunity",NA,"Toxic Boost",NA,"ZU"
336,3,"Seviper","ハブネーク (Habunake)","Poison",NA,"Fang Snake Pokémon","50%","50%",2.7,52.5,90,73,100,60,100,60,65,"Shed Skin",NA,"Infiltrator",NA,"ZU"
337,3,"Lunatone","ルナトーン (Lunatone)","Rock","Psychic","Meteorite Pokémon","","",1,168,45,90,55,65,95,85,70,"Levitate",NA,NA,NA,"National Dex"
338,3,"Solrock","ソルロック (Solrock)","Rock","Psychic","Meteorite Pokémon","","",1.2,154,45,90,95,85,55,65,70,"Levitate",NA,NA,NA,"National Dex"
339,3,"Barboach","ドジョッチ (Dojoach)","Water","Ground","Whiskers Pokémon","50%","50%",0.4,1.9,190,50,48,43,46,41,60,"Oblivious","Anticipation","Hydration",NA,"LC"
340,3,"Whiscash","ナマズン (Namazun)","Water","Ground","Whiskers Pokémon","50%","50%",0.9,23.6,75,110,78,73,76,71,60,"Oblivious","Anticipation","Hydration",NA,"ZU"
341,3,"Corphish","ヘイガニ (Heigani)","Water",NA,"Ruffian Pokémon","50%","50%",0.6,11.5,205,43,80,65,50,35,35,"Hyper Cutter","Shell Armor","Adaptability",NA,"LC"
342,3,"Crawdaunt","シザリガー (Shizariger)","Water","Dark","Rogue Pokémon","50%","50%",1.1,32.8,155,63,120,85,90,55,55,"Hyper Cutter","Shell Armor","Adaptability",NA,"RU"
343,3,"Baltoy","ヤジロン (Yajilon)","Ground","Psychic","Clay Doll Pokémon","","",0.5,21.5,255,40,40,55,40,70,55,"Levitate",NA,NA,NA,"National Dex"
344,3,"Claydol","ネンドール (Nendoll)","Ground","Psychic","Clay Doll Pokémon","","",1.5,108,90,60,70,105,70,120,75,"Levitate",NA,NA,NA,"National Dex"
345,3,"Lileep","リリーラ (Lilyla)","Rock","Grass","Sea Lily Pokémon","87.5%","12.5%",1,23.8,45,66,41,77,61,87,23,"Suction Cups",NA,"Storm Drain",NA,"National Dex"
346,3,"Cradily","ユレイドル (Yuradle)","Rock","Grass","Barnacle Pokémon","87.5%","12.5%",1.5,60.4,45,86,81,97,81,107,43,"Suction Cups",NA,"Storm Drain",NA,"National Dex"
347,3,"Anorith","アノプス (Anopth)","Rock","Bug","Old Shrimp Pokémon","87.5%","12.5%",0.7,12.5,45,45,95,50,40,50,75,"Battle Armor",NA,"Swift Swim",NA,"National Dex"
348,3,"Armaldo","アーマルド (Armaldo)","Rock","Bug","Plate Pokémon","87.5%","12.5%",1.5,68.2,45,75,125,100,70,80,45,"Battle Armor",NA,"Swift Swim",NA,"National Dex"
349,3,"Feebas","ヒンバス (Hinbass)","Water",NA,"Fish Pokémon","50%","50%",0.6,7.4,255,20,15,20,10,55,80,"Swift Swim","Oblivious","Adaptability",NA,"LC"
350,3,"Milotic","ミロカロス (Milokaross)","Water",NA,"Tender Pokémon","50%","50%",6.2,162,60,95,60,79,100,125,81,"Marvel Scale","Competitive","Cute Charm",NA,"PU"
351,3,"Castform","ポワルン (Powalen)","Normal",NA,"Weather Pokémon","50%","50%",0.3,0.8,45,70,70,70,70,70,70,"Forecast",NA,NA,NA,"National Dex"
352,3,"Kecleon","カクレオン (Kakureon)","Normal",NA,"Color Swap Pokémon","50%","50%",1,22,200,60,90,70,60,120,40,"Color Change",NA,"Protean",NA,"National Dex"
353,3,"Shuppet","カゲボウズ (Kagebouzu)","Ghost",NA,"Puppet Pokémon","50%","50%",0.6,2.3,225,44,75,35,63,33,45,"Insomnia","Frisk","Cursed Body",NA,"LC"
354,3,"Banette","ジュペッタ (Juppeta)","Ghost",NA,"Marionette Pokémon","50%","50%",1.1,12.5,45,64,115,65,83,63,65,"Insomnia","Frisk","Cursed Body",NA,"ZU"
355,3,"Duskull","ヨマワル (Yomawaru)","Ghost",NA,"Requiem Pokémon","50%","50%",0.8,15,190,20,40,90,30,90,25,"Levitate",NA,"Frisk",NA,"LC"
356,3,"Dusclops","サマヨール (Samayouru)","Ghost",NA,"Beckon Pokémon","50%","50%",1.6,30.6,90,40,70,130,60,130,25,"Pressure",NA,"Frisk",NA,"NFE"
357,3,"Tropius","トロピウス (Tropius)","Grass","Flying","Fruit Pokémon","50%","50%",2,100,200,99,68,83,72,87,51,"Chlorophyll","Solar Power","Harvest",NA,"ZU"
358,3,"Chimecho","チリーン (Chirean)","Psychic",NA,"Wind Chime Pokémon","50%","50%",0.6,1,45,75,50,80,95,90,65,"Levitate",NA,NA,NA,"ZU"
359,3,"Absol","アブソル (Absol)","Dark",NA,"Disaster Pokémon","50%","50%",1.2,47,30,65,130,60,75,60,75,"Pressure","Super Luck","Justified",NA,"National Dex"
360,3,"Wynaut","ソーナノ (Sohnano)","Psychic",NA,"Bright Pokémon","50%","50%",0.6,14,125,95,23,48,23,48,23,"Shadow Tag",NA,"Telepathy",NA,"National Dex"
361,3,"Snorunt","ユキワラシ (Yukiwarashi)","Ice",NA,"Snow Hat Pokémon","50%","50%",0.7,16.8,190,50,50,50,50,50,50,"Inner Focus","Ice Body","Moody",NA,"LC"
362,3,"Glalie","オニゴーリ (Onigohri)","Ice",NA,"Face Pokémon","50%","50%",1.5,256.5,75,80,80,80,80,80,80,"Inner Focus","Ice Body","Moody",NA,"ZU"
363,3,"Spheal","タマザラシ (Tamazarashi)","Ice","Water","Clap Pokémon","50%","50%",0.8,39.5,255,70,40,50,55,50,25,"Thick Fat","Ice Body","Oblivious",NA,"National Dex"
364,3,"Sealeo","トドグラー (Todoggler)","Ice","Water","Ball Roll Pokémon","50%","50%",1.1,87.6,120,90,60,70,75,70,45,"Thick Fat","Ice Body","Oblivious",NA,"National Dex"
365,3,"Walrein","トドゼルガ (Todoseruga)","Ice","Water","Ice Break Pokémon","50%","50%",1.4,150.6,45,110,80,90,95,90,65,"Thick Fat","Ice Body","Oblivious",NA,"National Dex"
366,3,"Clamperl","パールル (Pearlulu)","Water",NA,"Bivalve Pokémon","50%","50%",0.4,52.5,255,35,64,85,74,55,32,"Shell Armor",NA,"Rattled",NA,"National Dex"
367,3,"Huntail","ハンテール (Huntail)","Water",NA,"Deep Sea Pokémon","50%","50%",1.7,27,60,55,104,105,94,75,52,"Swift Swim",NA,"Water Veil",NA,"National Dex"
368,3,"Gorebyss","サクラビス (Sakurabyss)","Water",NA,"South Sea Pokémon","50%","50%",1.8,22.6,60,55,84,105,114,75,52,"Swift Swim",NA,"Hydration",NA,"National Dex"
369,3,"Relicanth","ジーランス (Glanth)","Water","Rock","Longevity Pokémon","87.5%","12.5%",1,23.4,25,100,90,130,45,65,55,"Swift Swim","Rock Head","Sturdy",NA,"National Dex"
370,3,"Luvdisc","ラブカス (Lovecus)","Water",NA,"Rendezvous Pokémon","25%","75%",0.6,8.7,225,43,30,55,40,65,97,"Swift Swim",NA,"Hydration",NA,"ZU"
371,3,"Bagon","タツベイ (Tatsubay)","Dragon",NA,"Rock Head Pokémon","50%","50%",0.6,42.1,45,45,75,60,40,30,50,"Rock Head",NA,"Sheer Force",NA,"LC"
372,3,"Shelgon","コモルー (Komoruu)","Dragon",NA,"Endurance Pokémon","50%","50%",1.1,110.5,45,65,95,100,60,50,50,"Rock Head",NA,"Overcoat",NA,"NFE"
373,3,"Salamence","ボーマンダ (Bohmander)","Dragon","Flying","Dragon Pokémon","50%","50%",1.5,102.6,45,95,135,80,110,80,100,"Intimidate",NA,"Moxie",NA,"RUBL"
374,3,"Beldum","ダンバル (Dumbber)","Steel","Psychic","Iron Ball Pokémon","","",0.6,95.2,3,40,55,80,35,60,30,"Clear Body",NA,"Light Metal",NA,"LC"
375,3,"Metang","メタング (Metang)","Steel","Psychic","Iron Claw Pokémon","","",1.2,202.5,3,60,75,100,55,80,50,"Clear Body",NA,"Light Metal",NA,"NFE"
376,3,"Metagross","メタグロス (Metagross)","Steel","Psychic","Iron Leg Pokémon","","",1.6,550,3,80,135,130,95,90,70,"Clear Body",NA,"Light Metal",NA,"UU"
377,3,"Regirock","レジロック (Regirock)","Rock",NA,"Rock Peak Pokémon","","",1.7,230,3,80,100,200,50,100,50,"Clear Body",NA,"Sturdy",NA,"ZU"
378,3,"Regice","レジアイス (Regice)","Ice",NA,"Iceberg Pokémon","","",1.8,175,3,80,50,100,100,200,50,"Clear Body",NA,"Ice Body",NA,"ZU"
379,3,"Registeel","レジスチル (Registeel)","Steel",NA,"Iron Pokémon","","",1.9,205,3,80,75,150,75,150,50,"Clear Body",NA,"Light Metal",NA,"RU"
380,3,"Latias","ラティアス (Latias)","Dragon","Psychic","Eon Pokémon","0%","100%",1.4,40,3,80,80,90,110,130,110,"Levitate",NA,NA,NA,"UUBL"
381,3,"Latios","ラティオス (Latios)","Dragon","Psychic","Eon Pokémon","100%","0%",2,60,3,80,90,80,130,110,110,"Levitate",NA,NA,NA,"UU"
382,3,"Kyogre","カイオーガ (Kyogre)","Water",NA,"Sea Basin Pokémon","","",4.5,352,3,100,100,90,150,140,90,"Drizzle",NA,NA,NA,"Uber"
383,3,"Groudon","グラードン (Groudon)","Ground",NA,"Continent Pokémon","","",3.5,950,3,100,150,140,100,90,90,"Drought",NA,NA,NA,"Uber"
384,3,"Rayquaza","レックウザ (Rayquaza)","Dragon","Flying","Sky High Pokémon","","",7,206.5,45,105,150,90,150,90,95,"Air Lock",NA,NA,NA,"Uber"
385,3,"Jirachi","ジラーチ (Jirachi)","Steel","Psychic","Wish Pokémon","","",0.3,1.1,3,100,100,100,100,100,100,"Serene Grace",NA,NA,NA,"RU"
386,3,"Deoxys","デオキシス (Deoxys)","Psychic",NA,"DNA Pokémon","","",1.7,60.8,3,50,150,50,150,50,150,"Pressure",NA,NA,NA,"Uber"
387,4,"Turtwig","ナエトル (Naetle)","Grass",NA,"Tiny Leaf Pokémon","87.5%","12.5%",0.4,10.2,45,55,68,64,45,55,31,"Overgrow",NA,"Shell Armor",NA,"LC"
388,4,"Grotle","ハヤシガメ (Hayashigame)","Grass",NA,"Grove Pokémon","87.5%","12.5%",1.1,97,45,75,89,85,55,65,36,"Overgrow",NA,"Shell Armor",NA,"NFE"
389,4,"Torterra","ドダイトス (Dodaitose)","Grass","Ground","Continent Pokémon","87.5%","12.5%",2.2,310,45,95,109,105,75,85,56,"Overgrow",NA,"Shell Armor",NA,"PUBL"
390,4,"Chimchar","ヒコザル (Hikozaru)","Fire",NA,"Chimp Pokémon","87.5%","12.5%",0.5,6.2,45,44,58,44,58,44,61,"Blaze",NA,"Iron Fist",NA,"LC"
391,4,"Monferno","モウカザル (Moukazaru)","Fire","Fighting","Playful Pokémon","87.5%","12.5%",0.9,22,45,64,78,52,78,52,81,"Blaze",NA,"Iron Fist",NA,"NFE"
392,4,"Infernape","ゴウカザル (Goukazaru)","Fire","Fighting","Flame Pokémon","87.5%","12.5%",1.2,55,45,76,104,71,104,71,108,"Blaze",NA,"Iron Fist",NA,"NU"
393,4,"Piplup","ポッチャマ (Pochama)","Water",NA,"Penguin Pokémon","87.5%","12.5%",0.4,5.2,45,53,51,53,61,56,40,"Torrent",NA,"Competitive",NA,"LC"
394,4,"Prinplup","ポッタイシ (Pottaishi)","Water",NA,"Penguin Pokémon","87.5%","12.5%",0.8,23,45,64,66,68,81,76,50,"Torrent",NA,"Competitive",NA,"NFE"
395,4,"Empoleon","エンペルト (Emperte)","Water","Steel","Emperor Pokémon","87.5%","12.5%",1.7,84.5,45,84,86,88,111,101,60,"Torrent",NA,"Competitive",NA,"RU"
396,4,"Starly","ムックル (Mukkuru)","Normal","Flying","Starling Pokémon","50%","50%",0.3,2,255,40,55,30,30,30,60,"Keen Eye",NA,"Reckless",NA,"LC"
397,4,"Staravia","ムクバード (Mukubird)","Normal","Flying","Starling Pokémon","50%","50%",0.6,15.5,120,55,75,50,40,40,80,"Intimidate",NA,"Reckless",NA,"NFE"
398,4,"Staraptor","ムクホーク (Mukuhawk)","Normal","Flying","Predator Pokémon","50%","50%",1.2,24.9,45,85,120,70,50,60,100,"Intimidate",NA,"Reckless",NA,"NU"
399,4,"Bidoof","ビッパ (Bippa)","Normal",NA,"Plump Mouse Pokémon","50%","50%",0.5,20,255,59,45,40,35,40,31,"Simple","Unaware","Moody",NA,"National Dex"
400,4,"Bibarel","ビーダル (Beadaru)","Normal","Water","Beaver Pokémon","50%","50%",1,31.5,127,79,85,60,55,60,71,"Simple","Unaware","Moody",NA,"National Dex"
401,4,"Kricketot","コロボーシ (Korobohshi)","Bug",NA,"Cricket Pokémon","50%","50%",0.3,2.2,255,37,25,41,25,41,25,"Shed Skin",NA,"Run Away",NA,"LC"
402,4,"Kricketune","コロトック (Korotock)","Bug",NA,"Cricket Pokémon","50%","50%",1,25.5,45,77,85,51,55,51,65,"Swarm",NA,"Technician",NA,"ZU"
403,4,"Shinx","コリンク (Kolink)","Electric",NA,"Flash Pokémon","50%","50%",0.5,9.5,235,45,65,34,40,34,45,"Rivalry","Intimidate","Guts",NA,"LC"
404,4,"Luxio","ルクシオ (Luxio)","Electric",NA,"Spark Pokémon","50%","50%",0.9,30.5,120,60,85,49,60,49,60,"Rivalry","Intimidate","Guts",NA,"NFE"
405,4,"Luxray","レントラー (Rentorar)","Electric",NA,"Gleam Eyes Pokémon","50%","50%",1.4,42,45,80,120,79,95,79,70,"Rivalry","Intimidate","Guts",NA,"ZU"
406,4,"Budew","スボミー (Subomie)","Grass","Poison","Bud Pokémon","50%","50%",0.2,1.2,255,40,30,35,50,70,55,"Natural Cure","Poison Point","Leaf Guard",NA,"National Dex"
407,4,"Roserade","ロズレイド (Roserade)","Grass","Poison","Bouquet Pokémon","50%","50%",0.9,14.5,75,60,70,65,125,105,90,"Natural Cure","Poison Point","Technician",NA,"National Dex"
408,4,"Cranidos","ズガイドス (Zugaidos)","Rock",NA,"Head Butt Pokémon","87.5%","12.5%",0.9,31.5,45,67,125,40,30,30,58,"Mold Breaker",NA,"Sheer Force",NA,"LC"
409,4,"Rampardos","ラムパルド (Rampald)","Rock",NA,"Head Butt Pokémon","87.5%","12.5%",1.6,102.5,45,97,165,60,65,50,58,"Mold Breaker",NA,"Sheer Force",NA,"ZU"
410,4,"Shieldon","タテトプス (Tatetops)","Rock","Steel","Shield Pokémon","87.5%","12.5%",0.5,57,45,30,42,118,42,88,30,"Sturdy",NA,"Soundproof",NA,"LC"
411,4,"Bastiodon","トリデプス (Torideps)","Rock","Steel","Shield Pokémon","87.5%","12.5%",1.3,149.5,45,60,52,168,47,138,30,"Sturdy",NA,"Soundproof",NA,"ZU"
412,4,"Burmy","ミノムッチ (Minomucchi)","Bug",NA,"Bagworm Pokémon","50%","50%",0.2,3.4,120,40,29,45,29,45,36,"Shed Skin",NA,"Overcoat",NA,"National Dex"
413,4,"Wormadam","ミノマダム (Minomadam)","Bug","Grass","Bagworm Pokémon","0%","100%",0.5,6.5,45,60,59,85,79,105,36,"Anticipation",NA,"Overcoat",NA,"National Dex"
414,4,"Mothim","ガーメイル (Gamale)","Bug","Flying","Moth Pokémon","100%","0%",0.9,23.3,45,70,94,50,94,50,66,"Swarm",NA,"Tinted Lens",NA,"National Dex"
415,4,"Combee","ミツハニー (Mitsuhoney)","Bug","Flying","Tiny Bee Pokémon","87.5%","12.5%",0.3,5.5,120,30,30,42,30,42,70,"Honey Gather",NA,"Hustle",NA,"LC"
416,4,"Vespiquen","ビークイン (Beequen)","Bug","Flying","Beehive Pokémon","0%","100%",1.2,38.5,45,70,80,102,80,102,40,"Pressure",NA,"Unnerve",NA,"ZU"
417,4,"Pachirisu","パチリス (Pachirisu)","Electric",NA,"EleSquirrel Pokémon","50%","50%",0.4,3.9,200,60,45,70,45,90,95,"Run Away","Pickup","Volt Absorb",NA,"ZU"
418,4,"Buizel","ブイゼル (Buoysel)","Water",NA,"Sea Weasel Pokémon","50%","50%",0.7,29.5,190,55,65,35,60,30,85,"Swift Swim",NA,"Water Veil",NA,"LC"
419,4,"Floatzel","フローゼル (Floazel)","Water",NA,"Sea Weasel Pokémon","50%","50%",1.1,33.5,75,85,105,55,85,50,115,"Swift Swim",NA,"Water Veil",NA,"ZUBL"
420,4,"Cherubi","チェリンボ (Cherinbo)","Grass",NA,"Cherry Pokémon","50%","50%",0.4,3.3,190,45,35,45,62,53,35,"Chlorophyll",NA,NA,NA,"National Dex"
421,4,"Cherrim","チェリム (Cherrim)","Grass",NA,"Blossom Pokémon","50%","50%",0.5,9.3,75,70,60,70,87,78,85,"Flower Gift",NA,NA,NA,"National Dex"
422,4,"Shellos","カラナクシ (Karanakushi)","Water",NA,"Sea Slug Pokémon","50%","50%",0.3,6.3,190,76,48,48,57,62,34,"Sticky Hold","Storm Drain","Sand Force",NA,"LC"
423,4,"Gastrodon","トリトドン (Tritodon)","Water","Ground","Sea Slug Pokémon","50%","50%",0.9,29.9,75,111,83,68,92,82,39,"Sticky Hold","Storm Drain","Sand Force",NA,"RU"
424,4,"Ambipom","エテボース (Eteboth)","Normal",NA,"Long Tail Pokémon","50%","50%",1.2,20.3,45,75,100,66,60,66,115,"Technician","Pickup","Skill Link",NA,"PU"
425,4,"Drifloon","フワンテ (Fuwante)","Ghost","Flying","Balloon Pokémon","50%","50%",0.4,1.2,125,90,50,34,60,44,70,"Aftermath","Unburden","Flare Boost",NA,"LC"
426,4,"Drifblim","フワライド (Fuwaride)","Ghost","Flying","Blimp Pokémon","50%","50%",1.2,15,60,150,80,44,90,54,80,"Aftermath","Unburden","Flare Boost",NA,"ZU"
427,4,"Buneary","ミミロル (Mimirol)","Normal",NA,"Rabbit Pokémon","50%","50%",0.4,5.5,190,55,66,44,44,56,85,"Run Away","Klutz","Limber",NA,"National Dex"
428,4,"Lopunny","ミミロップ (Mimilop)","Normal",NA,"Rabbit Pokémon","50%","50%",1.2,33.3,60,65,76,84,54,96,105,"Cute Charm","Klutz","Limber",NA,"National Dex"
429,4,"Mismagius","ムウマージ (Mumargi)","Ghost",NA,"Magical Pokémon","50%","50%",0.9,4.4,45,60,60,60,105,105,105,"Levitate",NA,NA,NA,"PU"
430,4,"Honchkrow","ドンカラス (Dongkarasu)","Dark","Flying","Big Boss Pokémon","50%","50%",0.9,27.3,30,100,125,52,105,52,71,"Insomnia","Super Luck","Moxie",NA,"ZU"
431,4,"Glameow","ニャルマー (Nyarmar)","Normal",NA,"Catty Pokémon","25%","75%",0.5,3.9,190,49,55,42,42,37,85,"Limber","Own Tempo","Keen Eye",NA,"National Dex"
432,4,"Purugly","ブニャット (Bunyatto)","Normal",NA,"Tiger Cat Pokémon","25%","75%",1,43.8,75,71,82,64,64,59,112,"Thick Fat","Own Tempo","Defiant",NA,"National Dex"
433,4,"Chingling","リーシャン (Lisyan)","Psychic",NA,"Bell Pokémon","50%","50%",0.2,0.6,120,45,30,50,65,50,45,"Levitate",NA,NA,NA,"LC"
434,4,"Stunky","スカンプー (Skunpuu)","Poison","Dark","Skunk Pokémon","50%","50%",0.4,19.2,225,63,63,47,41,41,74,"Stench","Aftermath","Keen Eye",NA,"LC"
435,4,"Skuntank","スカタンク (Skutank)","Poison","Dark","Skunk Pokémon","50%","50%",1,38,60,103,93,67,71,61,84,"Stench","Aftermath","Keen Eye",NA,"PU"
436,4,"Bronzor","ドーミラー (Dohmirror)","Steel","Psychic","Bronze Pokémon","","",0.5,60.5,255,57,24,86,24,86,23,"Levitate","Heatproof","Heavy Metal",NA,"LC"
437,4,"Bronzong","ドータクン (Dohtakun)","Steel","Psychic","Bronze Bell Pokémon","","",1.3,187,90,67,89,116,79,116,33,"Levitate","Heatproof","Heavy Metal",NA,"NU"
438,4,"Bonsly","ウソハチ (Usohachi)","Rock",NA,"Bonsai Pokémon","50%","50%",0.5,15,255,50,80,95,10,45,10,"Sturdy","Rock Head","Rattled",NA,"LC"
439,4,"Mime Jr.","マネネ (Manene)","Psychic","Fairy","Mime Pokémon","50%","50%",0.6,13,145,20,25,45,70,90,60,"Soundproof","Filter","Technician",NA,"National Dex"
440,4,"Happiny","ピンプク (Pinpuku)","Normal",NA,"Playhouse Pokémon","0%","100%",0.6,24.4,130,100,5,5,15,65,30,"Natural Cure","Serene Grace","Friend Guard",NA,"LC"
441,4,"Chatot","ペラップ (Perap)","Normal","Flying","Music Note Pokémon","50%","50%",0.5,1.9,30,76,65,45,92,42,91,"Keen Eye","Tangled Feet","Big Pecks",NA,"National Dex"
442,4,"Spiritomb","ミカルゲ (Mikaruge)","Ghost","Dark","Forbidden Pokémon","50%","50%",1,108,100,50,92,108,92,108,35,"Pressure",NA,"Infiltrator",NA,"ZU"
443,4,"Gible","フカマル (Fukamaru)","Dragon","Ground","Land Shark Pokémon","50%","50%",0.7,20.5,45,58,70,45,40,45,42,"Sand Veil",NA,"Rough Skin",NA,"LC"
444,4,"Gabite","ガバイト (Gabite)","Dragon","Ground","Cave Pokémon","50%","50%",1.4,56,45,68,90,65,50,55,82,"Sand Veil",NA,"Rough Skin",NA,"NFE"
445,4,"Garchomp","ガブリアス (Gaburias)","Dragon","Ground","Mach Pokémon","50%","50%",1.9,95,45,108,130,95,80,85,102,"Sand Veil",NA,"Rough Skin",NA,"UUBL"
446,4,"Munchlax","ゴンベ (Gonbe)","Normal",NA,"Big Eater Pokémon","87.5%","12.5%",0.6,105,50,135,85,40,40,85,5,"Pickup","Thick Fat","Gluttony",NA,"LC"
447,4,"Riolu","リオル (Riolu)","Fighting",NA,"Emanation Pokémon","87.5%","12.5%",0.7,20.2,75,40,70,40,35,40,60,"Steadfast","Inner Focus","Prankster",NA,"LC"
448,4,"Lucario","ルカリオ (Lucario)","Fighting","Steel","Aura Pokémon","87.5%","12.5%",1.2,54,45,70,110,70,115,70,90,"Steadfast","Inner Focus","Justified",NA,"NUBL"
449,4,"Hippopotas","ヒポポタス (Hippopotas)","Ground",NA,"Hippo Pokémon","50%","50%",0.8,49.5,140,68,72,78,38,42,32,"Sand Stream",NA,"Sand Force",NA,"LC"
450,4,"Hippowdon","カバルドン (Kabaldon)","Ground",NA,"Heavyweight Pokémon","50%","50%",2,300,60,108,112,118,68,72,47,"Sand Stream",NA,"Sand Force",NA,"RU"
451,4,"Skorupi","スコルピ (Scorupi)","Poison","Bug","Scorpion Pokémon","50%","50%",0.8,12,120,40,50,90,30,55,65,"Battle Armor","Sniper","Keen Eye",NA,"National Dex"
452,4,"Drapion","ドラピオン (Dorapion)","Poison","Dark","Ogre Scorp Pokémon","50%","50%",1.3,61.5,45,70,90,110,60,75,95,"Battle Armor","Sniper","Keen Eye",NA,"National Dex"
453,4,"Croagunk","グレッグル (Gureggru)","Poison","Fighting","Toxic Mouth Pokémon","50%","50%",0.7,23,140,48,61,40,61,40,50,"Anticipation","Dry Skin","Poison Touch",NA,"LC"
454,4,"Toxicroak","ドクロッグ (Dokurog)","Poison","Fighting","Toxic Mouth Pokémon","50%","50%",1.3,44.4,75,83,106,65,86,65,85,"Anticipation","Dry Skin","Poison Touch",NA,"NU"
455,4,"Carnivine","マスキッパ (Muskippa)","Grass",NA,"Bug Catcher Pokémon","50%","50%",1.4,27,200,74,100,72,90,72,46,"Levitate",NA,NA,NA,"National Dex"
456,4,"Finneon","ケイコウオ (Keikouo)","Water",NA,"Wing Fish Pokémon","50%","50%",0.4,7,190,49,49,56,49,61,66,"Swift Swim","Storm Drain","Water Veil",NA,"LC"
457,4,"Lumineon","ネオラント (Neolant)","Water",NA,"Neon Pokémon","50%","50%",1.2,24,75,69,69,76,69,86,91,"Swift Swim","Storm Drain","Water Veil",NA,"ZU"
458,4,"Mantyke","タマンタ (Tamanta)","Water","Flying","Kite Pokémon","50%","50%",1,65,25,45,20,50,60,120,50,"Swift Swim","Water Absorb","Water Veil",NA,"National Dex"
459,4,"Snover","ユキカブリ (Yukikaburi)","Grass","Ice","Frost Tree Pokémon","50%","50%",1,50.5,120,60,62,50,62,60,40,"Snow Warning",NA,"Soundproof",NA,"LC"
460,4,"Abomasnow","ユキノオー (Yukinooh)","Grass","Ice","Frost Tree Pokémon","50%","50%",2.2,135.5,60,90,92,75,92,85,60,"Snow Warning",NA,"Soundproof",NA,"ZU"
461,4,"Weavile","マニューラ (Manyula)","Dark","Ice","Sharp Claw Pokémon","50%","50%",1.1,34,45,70,120,65,45,85,125,"Pressure",NA,"Pickpocket",NA,"UU"
462,4,"Magnezone","ジバコイル (Jibacoil)","Electric","Steel","Magnet Area Pokémon","","",1.2,180,30,70,70,115,130,90,60,"Magnet Pull","Sturdy","Analytic",NA,"RU"
463,4,"Lickilicky","ベロベルト (Berobelt)","Normal",NA,"Licking Pokémon","50%","50%",1.7,140,30,110,85,95,80,95,50,"Own Tempo","Oblivious","Cloud Nine",NA,"National Dex"
464,4,"Rhyperior","ドサイドン (Dosidon)","Ground","Rock","Drill Pokémon","50%","50%",2.4,282.8,30,115,140,130,55,55,40,"Lightning Rod","Solid Rock","Reckless",NA,"NU"
465,4,"Tangrowth","モジャンボ (Mojumbo)","Grass",NA,"Vine Pokémon","50%","50%",2,128.6,30,100,100,125,110,50,50,"Chlorophyll","Leaf Guard","Regenerator",NA,"National Dex"
466,4,"Electivire","エレキブル (Elekible)","Electric",NA,"Thunderbolt Pokémon","75%","25%",1.8,138.6,30,75,123,67,95,85,95,"Motor Drive",NA,"Vital Spirit",NA,"ZU"
467,4,"Magmortar","ブーバーン (Booburn)","Fire",NA,"Blast Pokémon","75%","25%",1.6,68,30,75,95,67,125,95,83,"Flame Body",NA,"Vital Spirit",NA,"ZU"
468,4,"Togekiss","トゲキッス (Togekiss)","Fairy","Flying","Jubilee Pokémon","87.5%","12.5%",1.5,38,30,85,50,95,120,115,80,"Hustle","Serene Grace","Super Luck",NA,"National Dex"
469,4,"Yanmega","メガヤンマ (Megayanma)","Bug","Flying","Ogre Darner Pokémon","50%","50%",1.9,51.5,30,86,76,86,116,56,95,"Speed Boost","Tinted Lens","Frisk",NA,"RUBL"
470,4,"Leafeon","リーフィア (Leafia)","Grass",NA,"Verdant Pokémon","87.5%","12.5%",1,25.5,45,65,110,130,60,65,95,"Leaf Guard",NA,"Chlorophyll",NA,"ZU"
471,4,"Glaceon","グレイシア (Glacia)","Ice",NA,"Fresh Snow Pokémon","87.5%","12.5%",0.8,25.9,45,65,60,110,130,95,65,"Snow Cloak",NA,"Ice Body",NA,"ZU"
472,4,"Gliscor","グライオン (Glion)","Ground","Flying","Fang Scorp Pokémon","50%","50%",2,42.5,30,75,95,125,45,75,95,"Hyper Cutter","Sand Veil","Poison Heal",NA,"OU"
473,4,"Mamoswine","マンムー (Mammoo)","Ice","Ground","Twin Tusk Pokémon","50%","50%",2.5,291,50,110,130,80,70,60,80,"Oblivious","Snow Cloak","Thick Fat",NA,"RUBL"
474,4,"Porygon-Z","ポリゴンＺ (Porygon-Z)","Normal",NA,"Virtual Pokémon","","",0.9,34,30,85,80,70,135,75,90,"Adaptability","Download","Analytic",NA,"NUBL"
475,4,"Gallade","エルレイド (Erureido)","Psychic","Fighting","Blade Pokémon","100%","0%",1.6,52,45,68,125,65,65,115,80,"Steadfast","Sharpness","Justified",NA,"RU"
476,4,"Probopass","ダイノーズ (Dainose)","Rock","Steel","Compass Pokémon","50%","50%",1.4,340,60,60,55,145,75,150,40,"Sturdy","Magnet Pull","Sand Force",NA,"ZU"
477,4,"Dusknoir","ヨノワール (Yonoir)","Ghost",NA,"Gripper Pokémon","50%","50%",2.2,106.6,45,45,100,135,65,135,45,"Pressure",NA,"Frisk",NA,"ZU"
478,4,"Froslass","ユキメノコ (Yukimenoko)","Ice","Ghost","Snow Land Pokémon","0%","100%",1.3,26.6,75,70,80,70,80,70,110,"Snow Cloak",NA,"Cursed Body",NA,"ZU"
479,4,"Rotom","ロトム (Rotom)","Electric","Ghost","Plasma Pokémon","","",0.3,0.3,45,50,50,77,95,77,91,"Levitate",NA,NA,NA,"ZU"
480,4,"Uxie","ユクシー (Yuxie)","Psychic",NA,"Knowledge Pokémon","","",0.3,0.3,3,75,75,130,75,130,95,"Levitate",NA,NA,NA,"PU"
481,4,"Mesprit","エムリット (Emrit)","Psychic",NA,"Emotion Pokémon","","",0.3,0.3,3,80,105,105,105,105,80,"Levitate",NA,NA,NA,"ZU"
482,4,"Azelf","アグノム (Agnome)","Psychic",NA,"Willpower Pokémon","","",0.3,0.3,3,75,125,70,125,70,115,"Levitate",NA,NA,NA,"NUBL"
483,4,"Dialga","ディアルガ (Dialga)","Steel","Dragon","Temporal Pokémon","","",5.4,683,3,100,120,120,150,100,90,"Pressure",NA,"Telepathy",NA,"Uber"
484,4,"Palkia","パルキア (Palkia)","Water","Dragon","Spatial Pokémon","","",4.2,336,3,90,120,100,150,120,100,"Pressure",NA,"Telepathy",NA,"Uber"
485,4,"Heatran","ヒードラン (Heatran)","Fire","Steel","Lava Dome Pokémon","50%","50%",1.7,430,3,91,90,106,130,106,77,"Flash Fire",NA,"Flame Body",NA,"OU"
486,4,"Regigigas","レジギガス (Regigigas)","Normal",NA,"Colossal Pokémon","","",3.7,420,3,110,160,110,80,110,100,"Slow Start",NA,NA,NA,"ZU"
487,4,"Giratina","ギラティナ (Giratina)","Ghost","Dragon","Renegade Pokémon","","",4.5,750,3,150,100,120,100,120,90,"Pressure",NA,"Telepathy",NA,"Uber"
488,4,"Cresselia","クレセリア (Cresselia)","Psychic",NA,"Lunar Pokémon","0%","100%",1.5,85.6,3,120,70,110,75,120,85,"Levitate",NA,NA,NA,"NUBL"
489,4,"Phione","フィオネ (Phione)","Water",NA,"Sea Drifter Pokémon","","",0.4,3.1,30,80,80,80,80,80,80,"Hydration",NA,NA,NA,"ZU"
490,4,"Manaphy","マナフィ (Manaphy)","Water",NA,"Seafaring Pokémon","","",0.3,1.4,3,100,100,100,100,100,100,"Hydration",NA,NA,NA,"UU"
491,4,"Darkrai","ダークライ (Darkrai)","Dark",NA,"Pitch-Black Pokémon","","",1.5,50.5,3,70,90,90,135,90,125,"Bad Dreams",NA,NA,NA,"OU"
492,4,"Shaymin","シェイミ (Shaymin)","Grass",NA,"Gratitude Pokémon","","",0.2,2.1,45,100,100,100,100,100,100,"Natural Cure",NA,NA,NA,"ZU"
493,4,"Arceus","アルセウス (Arceus)","Normal",NA,"Alpha Pokémon","","",3.2,320,3,120,120,120,120,120,120,"Multitype",NA,NA,NA,"Uber"
494,5,"Victini","ビクティニ (Victini)","Psychic","Fire","Victory Pokémon","","",0.4,4,3,100,100,100,100,100,100,"Victory Star",NA,NA,NA,"National Dex"
495,5,"Snivy","ツタージャ (Tsutarja)","Grass",NA,"Grass Snake Pokémon","87.5%","12.5%",0.6,8.1,45,45,45,55,45,55,63,"Overgrow",NA,"Contrary",NA,"NFE"
496,5,"Servine","ジャノビー (Janovy)","Grass",NA,"Grass Snake Pokémon","87.5%","12.5%",0.8,16,45,60,60,75,60,75,83,"Overgrow",NA,"Contrary",NA,"NFE"
497,5,"Serperior","ジャローダ (Jalorda)","Grass",NA,"Regal Pokémon","87.5%","12.5%",3.3,63,45,75,75,95,75,95,113,"Overgrow",NA,"Contrary",NA,"RUBL"
498,5,"Tepig","ポカブ (Pokabu)","Fire",NA,"Fire Pig Pokémon","87.5%","12.5%",0.5,9.9,45,65,63,45,45,45,45,"Blaze",NA,"Thick Fat",NA,"LC"
499,5,"Pignite","チャオブー (Chaoboo)","Fire","Fighting","Fire Pig Pokémon","87.5%","12.5%",1,55.5,45,90,93,55,70,55,55,"Blaze",NA,"Thick Fat",NA,"NFE"
500,5,"Emboar","エンブオー (Enbuoh)","Fire","Fighting","Mega Fire Pig Pokémon","87.5%","12.5%",1.6,150,45,110,123,65,100,65,65,"Blaze",NA,"Reckless",NA,"ZUBL"
501,5,"Oshawott","ミジュマル (Mijumaru)","Water",NA,"Sea Otter Pokémon","87.5%","12.5%",0.5,5.9,45,55,55,45,63,45,45,"Torrent",NA,"Shell Armor",NA,"LC"
502,5,"Dewott","フタチマル (Futachimaru)","Water",NA,"Discipline Pokémon","87.5%","12.5%",0.8,24.5,45,75,75,60,83,60,60,"Torrent",NA,"Shell Armor",NA,"NFE"
503,5,"Samurott","ダイケンキ (Daikenki)","Water",NA,"Formidable Pokémon","87.5%","12.5%",1.5,94.6,45,95,100,85,108,70,70,"Torrent",NA,"Shell Armor",NA,"ZU"
504,5,"Patrat","ミネズミ (Minezumi)","Normal",NA,"Scout Pokémon","50%","50%",0.5,11.6,255,45,55,39,35,39,42,"Run Away","Keen Eye","Analytic",NA,"National Dex"
505,5,"Watchog","ミルホッグ (Miruhog)","Normal",NA,"Lookout Pokémon","50%","50%",1.1,27,255,60,85,69,60,69,77,"Illuminate","Keen Eye","Analytic",NA,"National Dex"
506,5,"Lillipup","ヨーテリー (Yorterrie)","Normal",NA,"Puppy Pokémon","50%","50%",0.4,4.1,255,45,60,45,25,45,55,"Vital Spirit","Pickup","Run Away",NA,"National Dex"
507,5,"Herdier","ハーデリア (Herderrie)","Normal",NA,"Loyal Dog Pokémon","50%","50%",0.9,14.7,120,65,80,65,35,65,60,"Intimidate","Sand Rush","Scrappy",NA,"National Dex"
508,5,"Stoutland","ムーランド (Mooland)","Normal",NA,"Big-Hearted Pokémon","50%","50%",1.2,61,45,85,110,90,45,90,80,"Intimidate","Sand Rush","Scrappy",NA,"National Dex"
509,5,"Purrloin","チョロネコ (Choroneko)","Dark",NA,"Devious Pokémon","50%","50%",0.4,10.1,255,41,50,37,50,37,66,"Limber","Unburden","Prankster",NA,"National Dex"
510,5,"Liepard","レパルダス (Lepardas)","Dark",NA,"Cruel Pokémon","50%","50%",1.1,37.5,90,64,88,50,88,50,106,"Limber","Unburden","Prankster",NA,"National Dex"
511,5,"Pansage","ヤナップ (Yanappu)","Grass",NA,"Grass Monkey Pokémon","87.5%","12.5%",0.6,10.5,190,50,53,48,53,48,64,"Gluttony",NA,"Overgrow",NA,"National Dex"
512,5,"Simisage","ヤナッキー (Yanakkie)","Grass",NA,"Thorn Monkey Pokémon","87.5%","12.5%",1.1,30.5,75,75,98,63,98,63,101,"Gluttony",NA,"Overgrow",NA,"National Dex"
513,5,"Pansear","バオップ (Baoppu)","Fire",NA,"High Temp Pokémon","87.5%","12.5%",0.6,11,190,50,53,48,53,48,64,"Gluttony",NA,"Blaze",NA,"National Dex"
514,5,"Simisear","バオッキー (Baokkie)","Fire",NA,"Ember Pokémon","87.5%","12.5%",1,28,75,75,98,63,98,63,101,"Gluttony",NA,"Blaze",NA,"National Dex"
515,5,"Panpour","ヒヤップ (Hiyappu)","Water",NA,"Spray Pokémon","87.5%","12.5%",0.6,13.5,190,50,53,48,53,48,64,"Gluttony",NA,"Torrent",NA,"National Dex"
516,5,"Simipour","ヒヤッキー (Hiyakkie)","Water",NA,"Geyser Pokémon","87.5%","12.5%",1,29,75,75,98,63,98,63,101,"Gluttony",NA,"Torrent",NA,"National Dex"
517,5,"Munna","ムンナ (Munna)","Psychic",NA,"Dream Eater Pokémon","50%","50%",0.6,23.3,190,76,25,45,67,55,24,"Forewarn","Synchronize","Telepathy",NA,"National Dex"
518,5,"Musharna","ムシャーナ (Musharna)","Psychic",NA,"Drowsing Pokémon","50%","50%",1.1,60.5,75,116,55,85,107,95,29,"Forewarn","Synchronize","Telepathy",NA,"National Dex"
519,5,"Pidove","マメパト (Mamepato)","Normal","Flying","Tiny Pigeon Pokémon","50%","50%",0.3,2.1,255,50,55,50,36,30,43,"Big Pecks","Super Luck","Rivalry",NA,"National Dex"
520,5,"Tranquill","ハトーボー (Hatoboh)","Normal","Flying","Wild Pigeon Pokémon","50%","50%",0.6,15,120,62,77,62,50,42,65,"Big Pecks","Super Luck","Rivalry",NA,"National Dex"
521,5,"Unfezant","ケンホロウ (Kenhallow)","Normal","Flying","Proud Pokémon","50%","50%",1.2,29,45,80,115,80,65,55,93,"Big Pecks","Super Luck","Rivalry",NA,"National Dex"
522,5,"Blitzle","シママ (Shimama)","Electric",NA,"Electrified Pokémon","50%","50%",0.8,29.8,190,45,60,32,50,32,76,"Lightning Rod","Motor Drive","Sap Sipper",NA,"LC"
523,5,"Zebstrika","ゼブライカ (Zebraika)","Electric",NA,"Thunderbolt Pokémon","50%","50%",1.6,79.5,75,75,100,63,80,63,116,"Lightning Rod","Motor Drive","Sap Sipper",NA,"ZU"
524,5,"Roggenrola","ダンゴロ (Dangoro)","Rock",NA,"Mantle Pokémon","50%","50%",0.4,18,255,55,75,85,25,25,15,"Sturdy","Weak Armor","Sand Force",NA,"National Dex"
525,5,"Boldore","ガントル (Gantle)","Rock",NA,"Ore Pokémon","50%","50%",0.9,102,120,70,105,105,50,40,20,"Sturdy","Weak Armor","Sand Force",NA,"National Dex"
526,5,"Gigalith","ギガイアス (Gigaiath)","Rock",NA,"Compressed Pokémon","50%","50%",1.7,260,45,85,135,130,60,80,25,"Sturdy","Sand Stream","Sand Force",NA,"National Dex"
527,5,"Woobat","コロモリ (Koromori)","Psychic","Flying","Bat Pokémon","50%","50%",0.4,2.1,190,65,45,43,55,43,72,"Unaware","Klutz","Simple",NA,"National Dex"
528,5,"Swoobat","ココロモリ (Kokoromori)","Psychic","Flying","Courting Pokémon","50%","50%",0.9,10.5,45,67,57,55,77,55,114,"Unaware","Klutz","Simple",NA,"National Dex"
529,5,"Drilbur","モグリュー (Mogurew)","Ground",NA,"Mole Pokémon","50%","50%",0.3,8.5,120,60,85,40,30,45,68,"Sand Rush","Sand Force","Mold Breaker",NA,"LC"
530,5,"Excadrill","ドリュウズ (Doryuzu)","Ground","Steel","Subterrene Pokémon","50%","50%",0.7,40.4,60,110,135,60,50,65,88,"Sand Rush","Sand Force","Mold Breaker",NA,"UU"
531,5,"Audino","タブンネ (Tabunne)","Normal",NA,"Hearing Pokémon","50%","50%",1.1,31,255,103,60,86,60,86,50,"Healer","Regenerator","Klutz",NA,"National Dex"
532,5,"Timburr","ドッコラー (Dokkorer)","Fighting",NA,"Muscular Pokémon","75%","25%",0.6,12.5,180,75,80,55,25,35,35,"Guts","Sheer Force","Iron Fist",NA,"LC"
533,5,"Gurdurr","ドテッコツ (Dotekkotsu)","Fighting",NA,"Muscular Pokémon","75%","25%",1.2,40,90,85,105,85,40,50,40,"Guts","Sheer Force","Iron Fist",NA,"NFE"
534,5,"Conkeldurr","ローブシン (Roubushin)","Fighting",NA,"Muscular Pokémon","75%","25%",1.4,87,45,105,140,95,55,65,45,"Guts","Sheer Force","Iron Fist",NA,"UU"
535,5,"Tympole","オタマロ (Otamaro)","Water",NA,"Tadpole Pokémon","50%","50%",0.5,4.5,255,50,50,40,50,40,64,"Swift Swim","Hydration","Water Absorb",NA,"National Dex"
536,5,"Palpitoad","ガマガル (Gamagaru)","Water","Ground","Vibration Pokémon","50%","50%",0.8,17,120,75,65,55,65,55,69,"Swift Swim","Hydration","Water Absorb",NA,"National Dex"
537,5,"Seismitoad","ガマゲロゲ (Gamageroge)","Water","Ground","Vibration Pokémon","50%","50%",1.5,62,45,105,95,75,85,75,74,"Swift Swim","Poison Touch","Water Absorb",NA,"National Dex"
538,5,"Throh","ナゲキ (Nageki)","Fighting",NA,"Judo Pokémon","100%","0%",1.3,55.5,45,120,100,85,30,85,45,"Guts","Inner Focus","Mold Breaker",NA,"National Dex"
539,5,"Sawk","ダゲキ (Dageki)","Fighting",NA,"Karate Pokémon","100%","0%",1.4,51,45,75,125,75,30,75,85,"Sturdy","Inner Focus","Mold Breaker",NA,"National Dex"
540,5,"Sewaddle","クルミル (Kurumiru)","Bug","Grass","Sewing Pokémon","50%","50%",0.3,2.5,255,45,53,70,40,60,42,"Swarm","Chlorophyll","Overcoat",NA,"LC"
541,5,"Swadloon","クルマユ (Kurumayu)","Bug","Grass","Leaf-Wrapped Pokémon","50%","50%",0.5,7.3,120,55,63,90,50,80,42,"Leaf Guard","Chlorophyll","Overcoat",NA,"NFE"
542,5,"Leavanny","ハハコモリ (Hahakomori)","Bug","Grass","Nurturing Pokémon","50%","50%",1.2,20.5,45,75,103,80,70,80,92,"Swarm","Chlorophyll","Overcoat",NA,"ZU"
543,5,"Venipede","フシデ (Fushide)","Bug","Poison","Centipede Pokémon","50%","50%",0.4,5.3,255,30,45,59,30,39,57,"Poison Point","Swarm","Speed Boost",NA,"National Dex"
544,5,"Whirlipede","ホイーガ (Wheega)","Bug","Poison","Curlipede Pokémon","50%","50%",1.2,58.5,120,40,55,99,40,79,47,"Poison Point","Swarm","Speed Boost",NA,"National Dex"
545,5,"Scolipede","ペンドラー (Pendror)","Bug","Poison","Megapede Pokémon","50%","50%",2.5,200.5,45,60,100,89,55,69,112,"Poison Point","Swarm","Speed Boost",NA,"National Dex"
546,5,"Cottonee","モンメン (Monmen)","Grass","Fairy","Cotton Puff Pokémon","50%","50%",0.3,0.6,190,40,27,60,37,50,66,"Prankster","Infiltrator","Chlorophyll",NA,"LC"
547,5,"Whimsicott","エルフーン (Elfuun)","Grass","Fairy","Windveiled Pokémon","50%","50%",0.7,6.6,75,60,67,85,77,75,116,"Prankster","Infiltrator","Chlorophyll",NA,"ZU"
548,5,"Petilil","チュリネ (Churine)","Grass",NA,"Bulb Pokémon","0%","100%",0.5,6.6,190,45,35,50,70,50,30,"Chlorophyll","Own Tempo","Leaf Guard",NA,"LC"
549,5,"Lilligant","ドレディア (Dredear)","Grass",NA,"Flowering Pokémon","0%","100%",1.1,16.3,75,70,60,75,110,75,90,"Chlorophyll","Own Tempo","Leaf Guard",NA,"ZU"
550,5,"Basculin","バスラオ (Bassrao)","Water",NA,"Hostile Pokémon","50%","50%",1,18,25,70,92,65,80,55,98,"Reckless","Adaptability","Mold Breaker",NA,"ZU"
551,5,"Sandile","メグロコ (Meguroco)","Ground","Dark","Desert Croc Pokémon","50%","50%",0.7,15.2,180,50,72,35,35,35,65,"Intimidate","Moxie","Anger Point",NA,"LC"
552,5,"Krokorok","ワルビル (Waruvile)","Ground","Dark","Desert Croc Pokémon","50%","50%",1,33.4,90,60,82,45,45,45,74,"Intimidate","Moxie","Anger Point",NA,"NFE"
553,5,"Krookodile","ワルビアル (Waruvial)","Ground","Dark","Intimidation Pokémon","50%","50%",1.5,96.3,45,95,117,80,65,70,92,"Intimidate","Moxie","Anger Point",NA,"RU"
554,5,"Darumaka","ダルマッカ (Darumakka)","Fire",NA,"Zen Charm Pokémon","50%","50%",0.6,37.5,120,70,90,45,15,45,50,"Hustle",NA,"Inner Focus",NA,"National Dex"
555,5,"Darmanitan","ヒヒダルマ (Hihidaruma)","Fire",NA,"Blazing Pokémon","50%","50%",1.3,92.9,60,105,140,55,30,55,95,"Sheer Force",NA,"Zen Mode",NA,"National Dex"
556,5,"Maractus","マラカッチ (Maracacchi)","Grass",NA,"Cactus Pokémon","50%","50%",1,28,255,75,86,67,106,67,60,"Water Absorb","Chlorophyll","Storm Drain",NA,"National Dex"
557,5,"Dwebble","イシズマイ (Ishizumai)","Bug","Rock","Rock Inn Pokémon","50%","50%",0.3,14.5,190,50,65,85,35,35,55,"Sturdy","Shell Armor","Weak Armor",NA,"National Dex"
558,5,"Crustle","イワパレス (Iwapalace)","Bug","Rock","Stone Home Pokémon","50%","50%",1.4,200,75,70,105,125,65,75,45,"Sturdy","Shell Armor","Weak Armor",NA,"National Dex"
559,5,"Scraggy","ズルッグ (Zuruggu)","Dark","Fighting","Shedding Pokémon","50%","50%",0.6,11.8,180,50,75,70,35,70,48,"Shed Skin","Moxie","Intimidate",NA,"NFE"
560,5,"Scrafty","ズルズキン (Zuruzukin)","Dark","Fighting","Hoodlum Pokémon","50%","50%",1.1,30,90,65,90,115,45,115,58,"Shed Skin","Moxie","Intimidate",NA,"NU"
561,5,"Sigilyph","シンボラー (Symboler)","Psychic","Flying","Avianoid Pokémon","50%","50%",1.4,14,45,72,58,80,103,80,97,"Wonder Skin","Magic Guard","Tinted Lens",NA,"National Dex"
562,5,"Yamask","デスマス (Desumasu)","Ghost",NA,"Spirit Pokémon","50%","50%",0.5,1.5,190,38,30,85,55,65,30,"Mummy",NA,NA,NA,"National Dex"
563,5,"Cofagrigus","デスカーン (Desukarn)","Ghost",NA,"Coffin Pokémon","50%","50%",1.7,76.5,90,58,50,145,95,105,30,"Mummy",NA,NA,NA,"National Dex"
564,5,"Tirtouga","プロトーガ (Protoga)","Water","Rock","Prototurtle Pokémon","87.5%","12.5%",0.7,16.5,45,54,78,103,53,45,22,"Solid Rock","Sturdy","Swift Swim",NA,"National Dex"
565,5,"Carracosta","アバゴーラ (Abagoura)","Water","Rock","Prototurtle Pokémon","87.5%","12.5%",1.2,81,45,74,108,133,83,65,32,"Solid Rock","Sturdy","Swift Swim",NA,"National Dex"
566,5,"Archen","アーケン (Archen)","Rock","Flying","First Bird Pokémon","87.5%","12.5%",0.5,9.5,45,55,112,45,74,45,70,"Defeatist",NA,NA,NA,"National Dex"
567,5,"Archeops","アーケオス (Archeos)","Rock","Flying","First Bird Pokémon","87.5%","12.5%",1.4,32,45,75,140,65,112,65,110,"Defeatist",NA,NA,NA,"National Dex"
568,5,"Trubbish","ヤブクロン (Yabukuron)","Poison",NA,"Trash Bag Pokémon","50%","50%",0.6,31,190,50,50,62,40,62,65,"Stench","Sticky Hold","Aftermath",NA,"National Dex"
569,5,"Garbodor","ダストダス (Dustdas)","Poison",NA,"Trash Heap Pokémon","50%","50%",1.9,107.3,60,80,95,82,60,82,75,"Stench","Weak Armor","Aftermath",NA,"National Dex"
570,5,"Zorua","ゾロア (Zorua)","Dark",NA,"Tricky Fox Pokémon","87.5%","12.5%",0.7,12.5,75,40,65,40,80,40,65,"Illusion",NA,NA,NA,"LC"
571,5,"Zoroark","ゾロアーク (Zoroark)","Dark",NA,"Illusion Fox Pokémon","87.5%","12.5%",1.6,81.1,45,60,105,60,120,60,105,"Illusion",NA,NA,NA,"PU"
572,5,"Minccino","チラーミィ (Chillarmy)","Normal",NA,"Chinchilla Pokémon","25%","75%",0.4,5.8,255,55,50,40,40,40,75,"Cute Charm","Technician","Skill Link",NA,"LC"
573,5,"Cinccino","チラチーノ (Chillaccino)","Normal",NA,"Scarf Pokémon","25%","75%",0.5,7.5,60,75,95,60,65,60,115,"Cute Charm","Technician","Skill Link",NA,"NU"
574,5,"Gothita","ゴチム (Gothimu)","Psychic",NA,"Fixation Pokémon","25%","75%",0.4,5.8,200,45,30,50,55,65,45,"Frisk","Competitive","Shadow Tag",NA,"LC"
575,5,"Gothorita","ゴチミル (Gothimiru)","Psychic",NA,"Manipulate Pokémon","25%","75%",0.7,18,100,60,45,70,75,85,55,"Frisk","Competitive","Shadow Tag",NA,"NFE"
576,5,"Gothitelle","ゴチルゼル (Gothiruselle)","Psychic",NA,"Astral Body Pokémon","25%","75%",1.5,44,50,70,55,95,95,110,65,"Frisk","Competitive","Shadow Tag",NA,"ZU"
577,5,"Solosis","ユニラン (Uniran)","Psychic",NA,"Cell Pokémon","50%","50%",0.3,1,200,45,30,40,105,50,20,"Overcoat","Magic Guard","Regenerator",NA,"LC"
578,5,"Duosion","ダブラン (Doublan)","Psychic",NA,"Mitosis Pokémon","50%","50%",0.6,8,100,65,40,50,125,60,30,"Overcoat","Magic Guard","Regenerator",NA,"NFE"
579,5,"Reuniclus","ランクルス (Lanculus)","Psychic",NA,"Multiplying Pokémon","50%","50%",1,20.1,50,110,65,75,125,85,30,"Overcoat","Magic Guard","Regenerator",NA,"RU"
580,5,"Ducklett","コアルヒー (Koaruhie)","Water","Flying","Water Bird Pokémon","50%","50%",0.5,5.5,190,62,44,50,44,50,55,"Keen Eye","Big Pecks","Hydration",NA,"LC"
581,5,"Swanna","スワンナ (Swanna)","Water","Flying","White Bird Pokémon","50%","50%",1.3,24.2,45,75,87,63,87,63,98,"Keen Eye","Big Pecks","Hydration",NA,"ZU"
582,5,"Vanillite","バニプッチ (Vanipeti)","Ice",NA,"Fresh Snow Pokémon","50%","50%",0.4,5.7,255,36,50,50,65,60,44,"Ice Body","Snow Cloak","Weak Armor",NA,"National Dex"
583,5,"Vanillish","バニリッチ (Vanirich)","Ice",NA,"Icy Snow Pokémon","50%","50%",1.1,41,120,51,65,65,80,75,59,"Ice Body","Snow Cloak","Weak Armor",NA,"National Dex"
584,5,"Vanilluxe","バイバニラ (Baivanilla)","Ice",NA,"Snowstorm Pokémon","50%","50%",1.3,57.5,45,71,95,85,110,95,79,"Ice Body","Snow Warning","Weak Armor",NA,"National Dex"
585,5,"Deerling","シキジカ (Shikijika)","Normal","Grass","Season Pokémon","50%","50%",0.6,19.5,190,60,60,50,40,50,75,"Chlorophyll","Sap Sipper","Serene Grace",NA,"LC"
586,5,"Sawsbuck","メブキジカ (Mebukijika)","Normal","Grass","Season Pokémon","50%","50%",1.9,92.5,75,80,100,70,60,70,95,"Chlorophyll","Sap Sipper","Serene Grace",NA,"ZU"
587,5,"Emolga","エモンガ (Emonga)","Electric","Flying","Sky Squirrel Pokémon","50%","50%",0.4,5,200,55,75,60,75,60,103,"Static",NA,"Motor Drive",NA,"National Dex"
588,5,"Karrablast","カブルモ (Kaburumo)","Bug",NA,"Clamping Pokémon","50%","50%",0.5,5.9,200,50,75,45,40,45,60,"Swarm","Shed Skin","No Guard",NA,"National Dex"
589,5,"Escavalier","シュバルゴ (Chevargo)","Bug","Steel","Cavalry Pokémon","50%","50%",1,33,75,70,135,105,60,105,20,"Swarm","Shell Armor","Overcoat",NA,"National Dex"
590,5,"Foongus","タマゲタケ (Tamagetake)","Grass","Poison","Mushroom Pokémon","50%","50%",0.2,1,190,69,55,45,55,55,15,"Effect Spore",NA,"Regenerator",NA,"LC"
591,5,"Amoonguss","モロバレル (Morobareru)","Grass","Poison","Mushroom Pokémon","50%","50%",0.6,10.5,75,114,85,70,85,80,30,"Effect Spore",NA,"Regenerator",NA,"PU"
592,5,"Frillish","プルリル (Pururill)","Water","Ghost","Floating Pokémon","50%","50%",1.2,33,190,55,40,50,65,85,40,"Water Absorb","Cursed Body","Damp",NA,"National Dex"
593,5,"Jellicent","ブルンゲル (Burungel)","Water","Ghost","Floating Pokémon","50%","50%",2.2,135,60,100,60,70,85,105,60,"Water Absorb","Cursed Body","Damp",NA,"National Dex"
594,5,"Alomomola","ママンボウ (Mamanbou)","Water",NA,"Caring Pokémon","50%","50%",1.2,31.6,75,165,75,80,40,45,65,"Healer","Hydration","Regenerator",NA,"OU"
595,5,"Joltik","バチュル (Bachuru)","Bug","Electric","Attaching Pokémon","50%","50%",0.1,0.6,190,50,47,50,57,50,65,"Compound Eyes","Unnerve","Swarm",NA,"LC"
596,5,"Galvantula","デンチュラ (Dentula)","Bug","Electric","EleSpider Pokémon","50%","50%",0.8,14.3,75,70,77,60,97,60,108,"Compound Eyes","Unnerve","Swarm",NA,"NU"
597,5,"Ferroseed","テッシード (Tesseed)","Grass","Steel","Thorn Seed Pokémon","50%","50%",0.6,18.8,255,44,50,91,24,86,10,"Iron Barbs",NA,NA,NA,"National Dex"
598,5,"Ferrothorn","ナットレイ (Nutrey)","Grass","Steel","Thorn Pod Pokémon","50%","50%",1,110,90,74,94,131,54,116,20,"Iron Barbs",NA,"Anticipation",NA,"National Dex"
599,5,"Klink","ギアル (Giaru)","Steel",NA,"Gear Pokémon","","",0.3,21,130,40,55,70,45,60,30,"Plus","Minus","Clear Body",NA,"National Dex"
600,5,"Klang","ギギアル (Gigiaru)","Steel",NA,"Gear Pokémon","","",0.6,51,60,60,80,95,70,85,50,"Plus","Minus","Clear Body",NA,"National Dex"
601,5,"Klinklang","ギギギアル (Gigigiaru)","Steel",NA,"Gear Pokémon","","",0.6,81,30,60,100,115,70,85,90,"Plus","Minus","Clear Body",NA,"National Dex"
602,5,"Tynamo","シビシラス (Shibishirasu)","Electric",NA,"EleFish Pokémon","50%","50%",0.2,0.3,190,35,55,40,45,40,60,"Levitate",NA,NA,NA,"LC"
603,5,"Eelektrik","シビビール (Shibibeel)","Electric",NA,"EleFish Pokémon","50%","50%",1.2,22,60,65,85,70,75,70,40,"Levitate",NA,NA,NA,"NFE"
604,5,"Eelektross","シビルドン (Shibirudon)","Electric",NA,"EleFish Pokémon","50%","50%",2.1,80.5,30,85,115,80,105,80,50,"Levitate",NA,NA,NA,"ZU"
605,5,"Elgyem","リグレー (Ligray)","Psychic",NA,"Cerebral Pokémon","50%","50%",0.5,9,255,55,55,55,85,55,30,"Telepathy","Synchronize","Analytic",NA,"National Dex"
606,5,"Beheeyem","オーベム (Ohbem)","Psychic",NA,"Cerebral Pokémon","50%","50%",1,34.5,90,75,75,75,125,95,40,"Telepathy","Synchronize","Analytic",NA,"National Dex"
607,5,"Litwick","ヒトモシ (Hitomoshi)","Ghost","Fire","Candle Pokémon","50%","50%",0.3,3.1,190,50,30,55,65,55,20,"Flash Fire","Flame Body","Infiltrator",NA,"LC"
608,5,"Lampent","ランプラー (Lampler)","Ghost","Fire","Lamp Pokémon","50%","50%",0.6,13,90,60,40,60,95,60,55,"Flash Fire","Flame Body","Infiltrator",NA,"NFE"
609,5,"Chandelure","シャンデラ (Chandela)","Ghost","Fire","Luring Pokémon","50%","50%",1,34.3,45,60,55,90,145,90,80,"Flash Fire","Flame Body","Infiltrator",NA,"NU"
610,5,"Axew","キバゴ (Kibago)","Dragon",NA,"Tusk Pokémon","50%","50%",0.6,18,75,46,87,60,30,40,57,"Rivalry","Mold Breaker","Unnerve",NA,"LC"
611,5,"Fraxure","オノンド (Onondo)","Dragon",NA,"Axe Jaw Pokémon","50%","50%",1,36,60,66,117,70,40,50,67,"Rivalry","Mold Breaker","Unnerve",NA,"NFE"
612,5,"Haxorus","オノノクス (Ononokus)","Dragon",NA,"Axe Jaw Pokémon","50%","50%",1.8,105.5,45,76,147,90,60,70,97,"Rivalry","Mold Breaker","Unnerve",NA,"RUBL"
613,5,"Cubchoo","クマシュン (Kumasyun)","Ice",NA,"Chill Pokémon","50%","50%",0.5,8.5,120,55,70,40,60,40,40,"Snow Cloak","Slush Rush","Rattled",NA,"LC"
614,5,"Beartic","ツンベアー (Tunbear)","Ice",NA,"Freezing Pokémon","50%","50%",2.6,260,60,95,130,80,70,80,50,"Snow Cloak","Slush Rush","Swift Swim",NA,"ZU"
615,5,"Cryogonal","フリージオ (Freegeo)","Ice",NA,"Crystallizing Pokémon","","",1.1,148,25,80,50,50,95,135,105,"Levitate",NA,NA,NA,"ZU"
616,5,"Shelmet","チョボマキ (Chobomaki)","Bug",NA,"Snail Pokémon","50%","50%",0.4,7.7,200,50,40,85,40,65,25,"Hydration","Shell Armor","Overcoat",NA,"National Dex"
617,5,"Accelgor","アギルダー (Agilder)","Bug",NA,"Shell Out Pokémon","50%","50%",0.8,25.3,75,80,70,40,100,60,145,"Hydration","Sticky Hold","Unburden",NA,"National Dex"
618,5,"Stunfisk","マッギョ (Maggyo)","Ground","Electric","Trap Pokémon","50%","50%",0.7,11,75,109,66,84,81,99,32,"Static","Limber","Sand Veil",NA,"National Dex"
619,5,"Mienfoo","コジョフー (Kojofu)","Fighting",NA,"Martial Arts Pokémon","50%","50%",0.9,20,180,45,85,50,55,50,65,"Inner Focus","Regenerator","Reckless",NA,"LC"
620,5,"Mienshao","コジョンド (Kojondo)","Fighting",NA,"Martial Arts Pokémon","50%","50%",1.4,35.5,45,65,125,60,95,60,105,"Inner Focus","Regenerator","Reckless",NA,"NUBL"
621,5,"Druddigon","クリムガン (Crimgan)","Dragon",NA,"Cave Pokémon","50%","50%",1.6,139,45,77,120,90,60,90,48,"Rough Skin","Sheer Force","Mold Breaker",NA,"National Dex"
622,5,"Golett","ゴビット (Gobit)","Ground","Ghost","Automaton Pokémon","","",1,92,190,59,74,50,35,50,35,"Iron Fist","Klutz","No Guard",NA,"LC"
623,5,"Golurk","ゴルーグ (Goloog)","Ground","Ghost","Automaton Pokémon","","",2.8,330,90,89,124,80,55,80,55,"Iron Fist","Klutz","No Guard",NA,"PU"
624,5,"Pawniard","コマタナ (Komatana)","Dark","Steel","Sharp Blade Pokémon","50%","50%",0.5,10.2,120,45,85,70,40,40,60,"Defiant","Inner Focus","Pressure",NA,"LC"
625,5,"Bisharp","キリキザン (Kirikizan)","Dark","Steel","Sword Blade Pokémon","50%","50%",1.6,70,45,65,125,100,60,70,70,"Defiant","Inner Focus","Pressure",NA,"RU"
626,5,"Bouffalant","バッフロン (Buffron)","Normal",NA,"Bash Buffalo Pokémon","50%","50%",1.6,94.6,45,95,110,95,40,95,55,"Reckless","Sap Sipper","Soundproof",NA,"National Dex"
627,5,"Rufflet","ワシボン (Washibon)","Normal","Flying","Eaglet Pokémon","100%","0%",0.5,10.5,190,70,83,50,37,50,60,"Keen Eye","Sheer Force","Hustle",NA,"NFE"
628,5,"Braviary","ウォーグル (Warrgle)","Normal","Flying","Valiant Pokémon","100%","0%",1.5,41,60,100,123,75,57,75,80,"Keen Eye","Sheer Force","Defiant",NA,"ZU"
629,5,"Vullaby","バルチャイ (Valchai)","Dark","Flying","Diapered Pokémon","0%","100%",0.5,9,190,70,55,75,45,65,60,"Big Pecks","Overcoat","Weak Armor",NA,"LC"
630,5,"Mandibuzz","バルジーナ (Vulgina)","Dark","Flying","Bone Vulture Pokémon","0%","100%",1.2,39.5,60,110,65,105,55,95,80,"Big Pecks","Overcoat","Weak Armor",NA,"UU"
631,5,"Heatmor","クイタラン (Kuitaran)","Fire",NA,"Anteater Pokémon","50%","50%",1.4,58,90,85,97,66,105,66,65,"Gluttony","Flash Fire","White Smoke",NA,"National Dex"
632,5,"Durant","アイアント (Aiant)","Bug","Steel","Iron Ant Pokémon","50%","50%",0.3,33,90,58,109,112,48,48,109,"Swarm","Hustle","Truant",NA,"National Dex"
633,5,"Deino","モノズ (Monozu)","Dark","Dragon","Irate Pokémon","50%","50%",0.8,17.3,45,52,65,50,45,50,38,"Hustle",NA,NA,NA,"LC"
634,5,"Zweilous","ジヘッド (Dihead)","Dark","Dragon","Hostile Pokémon","50%","50%",1.4,50,45,72,85,70,65,70,58,"Hustle",NA,NA,NA,"NFE"
635,5,"Hydreigon","サザンドラ (Sazandora)","Dark","Dragon","Brutal Pokémon","50%","50%",1.8,160,45,92,105,90,125,90,98,"Levitate",NA,NA,NA,"RUBL"
636,5,"Larvesta","メラルバ (Merlarva)","Bug","Fire","Torch Pokémon","50%","50%",1.1,28.8,45,55,85,55,50,55,60,"Flame Body",NA,"Swarm",NA,"LC"
637,5,"Volcarona","ウルガモス (Ulgamoth)","Bug","Fire","Sun Pokémon","50%","50%",1.6,46,15,85,60,65,135,105,100,"Flame Body",NA,"Swarm",NA,"Uber"
638,5,"Cobalion","コバルオン (Cobalon)","Steel","Fighting","Iron Will Pokémon","","",2.1,250,3,91,90,129,90,72,108,"Justified",NA,NA,NA,"UU"
639,5,"Terrakion","テラキオン (Terrakion)","Rock","Fighting","Cavern Pokémon","","",1.9,260,3,91,129,90,72,90,108,"Justified",NA,NA,NA,"NUBL"
640,5,"Virizion","ビリジオン (Virizion)","Grass","Fighting","Grassland Pokémon","","",2,200,3,91,90,72,90,129,108,"Justified",NA,NA,NA,"ZU"
641,5,"Tornadus","トルネロス (Tornelos)","Flying",NA,"Cyclone Pokémon","100%","0%",1.5,63,3,79,115,70,125,80,111,"Prankster",NA,"Defiant",NA,"NU"
642,5,"Thundurus","ボルトロス (Voltolos)","Electric","Flying","Bolt Strike Pokémon","100%","0%",1.5,61,3,79,115,70,125,80,111,"Prankster",NA,"Defiant",NA,"RUBL"
643,5,"Reshiram","レシラム (Reshiram)","Dragon","Fire","Vast White Pokémon","","",3.2,330,3,100,120,100,150,120,90,"Turboblaze",NA,NA,NA,"Uber"
644,5,"Zekrom","ゼクロム (Zekrom)","Dragon","Electric","Deep Black Pokémon","","",2.9,345,3,100,150,120,120,100,90,"Teravolt",NA,NA,NA,"Uber"
645,5,"Landorus","ランドロス (Landlos)","Ground","Flying","Abundance Pokémon","100%","0%",1.5,68,3,89,125,90,115,80,101,"Sand Force",NA,"Sheer Force",NA,"Uber"
646,5,"Kyurem","キュレム (Kyurem)","Dragon","Ice","Boundary Pokémon","","",3,325,3,125,130,90,130,90,95,"Pressure",NA,NA,NA,"OU"
647,5,"Keldeo","ケルディオ (Keldeo)","Water","Fighting","Colt Pokémon","","",1.4,48.5,3,91,72,90,129,90,108,"Justified",NA,NA,NA,"UU"
648,5,"Meloetta","メロエッタ (Meloetta)","Normal","Psychic","Melody Pokémon","","",0.6,6.5,3,100,77,77,128,128,90,"Serene Grace",NA,NA,NA,"NU"
649,5,"Genesect","ゲノセクト (Genesect)","Bug","Steel","Paleozoic Pokémon","","",1.5,82.5,3,71,120,95,120,95,99,"Download",NA,NA,NA,"National Dex"
650,6,"Chespin","ハリマロン (Harimaron)","Grass",NA,"Spiny Nut Pokémon","87.5%","12.5%",0.4,9,45,56,61,65,48,45,38,"Overgrow",NA,"Bulletproof",NA,"LC"
651,6,"Quilladin","ハリボーグ (Hariborg)","Grass",NA,"Spiny Armor Pokémon","87.5%","12.5%",0.7,29,45,61,78,95,56,58,57,"Overgrow",NA,"Bulletproof",NA,"NFE"
652,6,"Chesnaught","ブリガロン (Brigarron)","Grass","Fighting","Spiny Armor Pokémon","87.5%","12.5%",1.6,90,45,88,107,122,74,75,64,"Overgrow",NA,"Bulletproof",NA,"RU"
653,6,"Fennekin","フォッコ (Fokko)","Fire",NA,"Fox Pokémon","87.5%","12.5%",0.4,9.4,45,40,45,40,62,60,60,"Blaze",NA,"Magician",NA,"LC"
654,6,"Braixen","テールナー (Tairenar)","Fire",NA,"Fox Pokémon","87.5%","12.5%",1,14.5,45,59,59,58,90,70,73,"Blaze",NA,"Magician",NA,"NFE"
655,6,"Delphox","マフォクシー (Mahoxy)","Fire","Psychic","Fox Pokémon","87.5%","12.5%",1.5,39,45,75,69,72,114,100,104,"Blaze",NA,"Magician",NA,"PU"
656,6,"Froakie","ケロマツ (Keromatsu)","Water",NA,"Bubble Frog Pokémon","87.5%","12.5%",0.3,7,45,41,56,40,62,44,71,"Torrent",NA,"Protean",NA,"LC"
657,6,"Frogadier","ゲコガシラ (Gekogashira)","Water",NA,"Bubble Frog Pokémon","87.5%","12.5%",0.6,10.9,45,54,63,52,83,56,97,"Torrent",NA,"Protean",NA,"NFE"
658,6,"Greninja","ゲッコウガ (Gekkouga)","Water","Dark","Ninja Pokémon","87.5%","12.5%",1.5,40,45,72,95,67,103,71,122,"Torrent",NA,"Protean",NA,"UU"
659,6,"Bunnelby","ホルビー (Horubee)","Normal",NA,"Digging Pokémon","50%","50%",0.4,5,255,38,36,38,32,36,57,"Pickup","Cheek Pouch","Huge Power",NA,"National Dex"
660,6,"Diggersby","ホルード (Horudo)","Normal","Ground","Digging Pokémon","50%","50%",1,42.4,127,85,56,77,50,77,78,"Pickup","Cheek Pouch","Huge Power",NA,"National Dex"
661,6,"Fletchling","ヤヤコマ (Yayakoma)","Normal","Flying","Tiny Robin Pokémon","50%","50%",0.3,1.7,255,45,50,43,40,38,62,"Big Pecks",NA,"Gale Wings",NA,"LC"
662,6,"Fletchinder","ヒノヤコマ (Hinoyakoma)","Fire","Flying","Ember Pokémon","50%","50%",0.7,16,120,62,73,55,56,52,84,"Flame Body",NA,"Gale Wings",NA,"NFE"
663,6,"Talonflame","ファイアロー (Fiarrow)","Fire","Flying","Scorching Pokémon","50%","50%",1.2,24.5,45,78,81,71,74,69,126,"Flame Body",NA,"Gale Wings",NA,"RU"
664,6,"Scatterbug","コフキムシ (Kofukimushi)","Bug",NA,"Scatterdust Pokémon","50%","50%",0.3,2.5,255,38,35,40,27,25,35,"Shield Dust","Compound Eyes","Friend Guard",NA,"LC"
665,6,"Spewpa","コフーライ (Kofuurai)","Bug",NA,"Scatterdust Pokémon","50%","50%",0.3,8.4,120,45,22,60,27,30,29,"Shed Skin",NA,"Friend Guard",NA,"NFE"
666,6,"Vivillon","ビビヨン (Viviyon)","Bug","Flying","Scale Pokémon","50%","50%",1.2,17,45,80,52,50,90,50,89,"Shield Dust","Compound Eyes","Friend Guard",NA,"ZU"
667,6,"Litleo","シシコ (Shishiko)","Fire","Normal","Lion Cub Pokémon","12.5%","87.5%",0.6,13.5,220,62,50,58,73,54,72,"Rivalry","Unnerve","Moxie",NA,"LC"
668,6,"Pyroar","カエンジシ (Kaenjishi)","Fire","Normal","Royal Pokémon","12.5%","87.5%",1.5,81.5,65,86,68,72,109,66,106,"Rivalry","Unnerve","Moxie",NA,"ZU"
669,6,"Flabébé","フラベベ (Flabebe)","Fairy",NA,"Single Bloom Pokémon","0%","100%",0.1,0.1,225,44,38,39,61,79,42,"Flower Veil",NA,"Symbiosis",NA,NA
670,6,"Floette","フラエッテ (Floette)","Fairy",NA,"Single Bloom Pokémon","0%","100%",0.2,0.9,120,54,45,47,75,98,52,"Flower Veil",NA,"Symbiosis",NA,"NFE"
671,6,"Florges","フラージェス (Florges)","Fairy",NA,"Garden Pokémon","0%","100%",1.1,10,45,78,65,68,112,154,75,"Flower Veil",NA,"Symbiosis",NA,"PU"
672,6,"Skiddo","メェークル (Meecle)","Grass",NA,"Mount Pokémon","50%","50%",0.9,31,200,66,65,48,62,57,52,"Sap Sipper",NA,"Grass Pelt",NA,"LC"
673,6,"Gogoat","ゴーゴート (Gogoat)","Grass",NA,"Mount Pokémon","50%","50%",1.7,91,45,123,100,62,97,81,68,"Sap Sipper",NA,"Grass Pelt",NA,"ZU"
674,6,"Pancham","ヤンチャム (Yancham)","Fighting",NA,"Playful Pokémon","50%","50%",0.6,8,220,67,82,62,46,48,43,"Iron Fist","Mold Breaker","Scrappy",NA,"National Dex"
675,6,"Pangoro","ゴロンダ (Goronda)","Fighting","Dark","Daunting Pokémon","50%","50%",2.1,136,65,95,124,78,69,71,58,"Iron Fist","Mold Breaker","Scrappy",NA,"National Dex"
676,6,"Furfrou","トリミアン (Trimmien)","Normal",NA,"Poodle Pokémon","50%","50%",1.2,28,160,75,80,60,65,90,102,"Fur Coat",NA,NA,NA,"National Dex"
677,6,"Espurr","ニャスパー (Nyasper)","Psychic",NA,"Restraint Pokémon","50%","50%",0.3,3.5,190,62,48,54,63,60,68,"Keen Eye","Infiltrator","Own Tempo",NA,"LC"
678,6,"Meowstic","ニャオニクス (Nyaonix)","Psychic",NA,"Constraint Pokémon","100%","0%",0.6,8.5,75,74,48,76,83,81,104,"Keen Eye","Infiltrator","Prankster",NA,NA
679,6,"Honedge","ヒトツキ (Hitotsuki)","Steel","Ghost","Sword Pokémon","50%","50%",0.8,2,180,45,80,100,35,37,28,"No Guard",NA,NA,NA,"National Dex"
680,6,"Doublade","ニダンギル (Nidangill)","Steel","Ghost","Sword Pokémon","50%","50%",0.8,4.5,90,59,110,150,45,49,35,"No Guard",NA,NA,NA,"National Dex"
681,6,"Aegislash","ギルガルド (Gillgard)","Steel","Ghost","Royal Sword Pokémon","50%","50%",1.7,53,45,60,50,140,50,140,60,"Stance Change",NA,NA,NA,"National Dex"
682,6,"Spritzee","シュシュプ (Shushupu)","Fairy",NA,"Perfume Pokémon","50%","50%",0.2,0.5,200,78,52,60,63,65,23,"Healer",NA,"Aroma Veil",NA,"National Dex"
683,6,"Aromatisse","フレフワン (Frefuwan)","Fairy",NA,"Fragrance Pokémon","50%","50%",0.8,15.5,140,101,72,72,99,89,29,"Healer",NA,"Aroma Veil",NA,"National Dex"
684,6,"Swirlix","ペロッパフ (Peroppafu)","Fairy",NA,"Cotton Candy Pokémon","50%","50%",0.4,3.5,200,62,48,66,59,57,49,"Sweet Veil",NA,"Unburden",NA,"National Dex"
685,6,"Slurpuff","ペロリーム (Peroream)","Fairy",NA,"Meringue Pokémon","50%","50%",0.8,5,140,82,80,86,85,75,72,"Sweet Veil",NA,"Unburden",NA,"National Dex"
686,6,"Inkay","マーイーカ (Maaiika)","Dark","Psychic","Revolving Pokémon","50%","50%",0.4,3.5,190,53,54,53,37,46,45,"Contrary","Suction Cups","Infiltrator",NA,"LC"
687,6,"Malamar","カラマネロ (Calamanero)","Dark","Psychic","Overturning Pokémon","50%","50%",1.5,47,80,86,92,88,68,75,73,"Contrary","Suction Cups","Infiltrator",NA,"ZU"
688,6,"Binacle","カメテテ (Kametete)","Rock","Water","Two-Handed Pokémon","50%","50%",0.5,31,120,42,52,67,39,56,50,"Sniper","Tough Claws","Pickpocket",NA,"National Dex"
689,6,"Barbaracle","ガメノデス (Gamenodes)","Rock","Water","Collective Pokémon","50%","50%",1.3,96,45,72,105,115,54,86,68,"Sniper","Tough Claws","Pickpocket",NA,"National Dex"
690,6,"Skrelp","クズモー (Kuzumo)","Poison","Water","Mock Kelp Pokémon","50%","50%",0.5,7.3,225,50,60,60,60,60,30,"Poison Point","Poison Touch","Adaptability",NA,"LC"
691,6,"Dragalge","ドラミドロ (Dramidoro)","Poison","Dragon","Mock Kelp Pokémon","50%","50%",1.8,81.5,55,65,75,90,97,123,44,"Poison Point","Poison Touch","Adaptability",NA,"PUBL"
692,6,"Clauncher","ウデッポウ (Udeppou)","Water",NA,"Water Gun Pokémon","50%","50%",0.5,8.3,225,50,53,62,58,63,44,"Mega Launcher",NA,NA,NA,"LC"
693,6,"Clawitzer","ブロスター (Bloster)","Water",NA,"Howitzer Pokémon","50%","50%",1.3,35.3,55,71,73,88,120,89,59,"Mega Launcher",NA,NA,NA,"ZU"
694,6,"Helioptile","エリキテル (Erikiteru)","Electric","Normal","Generator Pokémon","50%","50%",0.5,6,190,44,38,33,61,43,70,"Dry Skin","Sand Veil","Solar Power",NA,"National Dex"
695,6,"Heliolisk","エレザード (Elezard)","Electric","Normal","Generator Pokémon","50%","50%",1,21,75,62,55,52,109,94,109,"Dry Skin","Sand Veil","Solar Power",NA,"National Dex"
696,6,"Tyrunt","チゴラス (Chigoras)","Rock","Dragon","Royal Heir Pokémon","87.5%","12.5%",0.8,26,45,58,89,77,45,45,48,"Strong Jaw",NA,"Sturdy",NA,"National Dex"
697,6,"Tyrantrum","ガチゴラス (Gachigoras)","Rock","Dragon","Despot Pokémon","87.5%","12.5%",2.5,270,45,82,121,119,69,59,71,"Strong Jaw",NA,"Rock Head",NA,"National Dex"
698,6,"Amaura","アマルス (Amarus)","Rock","Ice","Tundra Pokémon","87.5%","12.5%",1.3,25.2,45,77,59,50,67,63,46,"Refrigerate",NA,"Snow Warning",NA,"National Dex"
699,6,"Aurorus","アマルルガ (Amaruruga)","Rock","Ice","Tundra Pokémon","87.5%","12.5%",2.7,225,45,123,77,72,99,92,58,"Refrigerate",NA,"Snow Warning",NA,"National Dex"
700,6,"Sylveon","ニンフィア (Nymphia)","Fairy",NA,"Intertwining Pokémon","87.5%","12.5%",1,23.5,45,95,65,65,110,130,60,"Cute Charm",NA,"Pixilate",NA,"NU"
701,6,"Hawlucha","ルチャブル (Luchabull)","Fighting","Flying","Wrestling Pokémon","50%","50%",0.8,21.5,100,78,92,75,74,63,118,"Limber","Unburden","Mold Breaker",NA,"RUBL"
702,6,"Dedenne","デデンネ (Dedenne)","Electric","Fairy","Antenna Pokémon","50%","50%",0.2,2.2,180,67,58,57,81,67,101,"Cheek Pouch","Pickup","Plus",NA,"ZU"
703,6,"Carbink","メレシー (Melecie)","Rock","Fairy","Jewel Pokémon","","",0.3,5.7,60,50,50,150,50,150,50,"Clear Body",NA,"Sturdy",NA,"ZU"
704,6,"Goomy","ヌメラ (Numera)","Dragon",NA,"Soft Tissue Pokémon","50%","50%",0.3,2.8,45,45,50,35,55,75,40,"Sap Sipper","Hydration","Gooey",NA,"LC"
705,6,"Sliggoo","ヌメイル (Numeil)","Dragon",NA,"Soft Tissue Pokémon","50%","50%",0.8,17.5,45,68,75,53,83,113,60,"Sap Sipper","Hydration","Gooey",NA,"NFE"
706,6,"Goodra","ヌメルゴン (Numelgon)","Dragon",NA,"Dragon Pokémon","50%","50%",2,150.5,45,90,100,70,110,150,80,"Sap Sipper","Hydration","Gooey",NA,"PU"
707,6,"Klefki","クレッフィ (Cleffy)","Steel","Fairy","Key Ring Pokémon","50%","50%",0.2,3,75,57,80,91,80,87,75,"Prankster",NA,"Magician",NA,"NU"
708,6,"Phantump","ボクレー (Bokurei)","Ghost","Grass","Stump Pokémon","50%","50%",0.4,7,120,43,70,48,50,60,38,"Natural Cure","Frisk","Harvest",NA,"LC"
709,6,"Trevenant","オーロット (Ohrot)","Ghost","Grass","Elder Tree Pokémon","50%","50%",1.5,71,60,85,110,76,65,82,56,"Natural Cure","Frisk","Harvest",NA,"ZU"
710,6,"Pumpkaboo","バケッチャ (Bakeccha)","Ghost","Grass","Pumpkin Pokémon","50%","50%",0.4,5,120,49,66,70,44,55,51,"Pickup","Frisk","Insomnia",NA,"National Dex"
711,6,"Gourgeist","パンプジン (Pumpjin)","Ghost","Grass","Pumpkin Pokémon","50%","50%",0.9,12.5,60,65,90,122,58,75,84,"Pickup","Frisk","Insomnia",NA,"National Dex"
712,6,"Bergmite","カチコール (Kachikohru)","Ice",NA,"Ice Chunk Pokémon","50%","50%",1,99.5,190,55,69,85,32,35,28,"Own Tempo","Ice Body","Sturdy",NA,"LC"
713,6,"Avalugg","クレベース (Crebase)","Ice",NA,"Iceberg Pokémon","50%","50%",2,505,55,95,117,184,44,46,28,"Own Tempo","Ice Body","Sturdy",NA,"NU"
714,6,"Noibat","オンバット (Onbat)","Flying","Dragon","Sound Wave Pokémon","50%","50%",0.5,8,190,40,30,35,45,40,55,"Frisk","Infiltrator","Telepathy",NA,"LC"
715,6,"Noivern","オンバーン (Onvern)","Flying","Dragon","Sound Wave Pokémon","50%","50%",1.5,85,45,85,70,80,97,80,123,"Frisk","Infiltrator","Telepathy",NA,"RU"
716,6,"Xerneas","ゼルネアス (Xerneas)","Fairy",NA,"Life Pokémon","","",3,215,45,126,131,95,131,98,99,"Fairy Aura",NA,NA,NA,"National Dex"
717,6,"Yveltal","イベルタル (Yveltal)","Dark","Flying","Destruction Pokémon","","",5.8,203,45,126,131,95,131,98,99,"Dark Aura",NA,NA,NA,"National Dex"
718,6,"Zygarde","ジガルデ (Zygarde)","Dragon","Ground","Order Pokémon","","",5,305,3,108,100,121,81,95,95,"Aura Break","Power Construct",NA,NA,"National Dex"
719,6,"Diancie","ディアンシー (Diancie)","Rock","Fairy","Jewel Pokémon","","",0.7,8.8,3,50,100,150,100,150,50,"Clear Body",NA,NA,NA,"RU"
720,6,"Hoopa","フーパ (Hoopa)","Psychic","Ghost","Mischief Pokémon","","",0.5,9,3,80,110,60,150,130,70,"Magician",NA,NA,NA,"PU"
721,6,"Volcanion","ボルケニオン (Volcanion)","Fire","Water","Steam Pokémon","","",1.7,195,3,80,110,120,130,90,70,"Water Absorb",NA,NA,NA,"RUBL"
722,7,"Rowlet","モクロー (Mokuroh)","Grass","Flying","Grass Quill Pokémon","87.5%","12.5%",0.3,1.5,45,68,55,55,50,50,42,"Overgrow",NA,"Long Reach",NA,"LC"
723,7,"Dartrix","フクスロー (Fukuthrow)","Grass","Flying","Blade Quill Pokémon","87.5%","12.5%",0.7,16,45,78,75,75,70,70,52,"Overgrow",NA,"Long Reach",NA,"NFE"
724,7,"Decidueye","ジュナイパー (Junaiper)","Grass","Ghost","Arrow Quill Pokémon","87.5%","12.5%",1.6,36.6,45,78,107,75,100,100,70,"Overgrow",NA,"Long Reach",NA,"NU"
725,7,"Litten","ニャビー (Nyabby)","Fire",NA,"Fire Cat Pokémon","87.5%","12.5%",0.4,4.3,45,45,65,40,60,40,70,"Blaze",NA,"Intimidate",NA,"LC"
726,7,"Torracat","ニャヒート (Nyaheat)","Fire",NA,"Fire Cat Pokémon","87.5%","12.5%",0.7,25,45,65,85,50,80,50,90,"Blaze",NA,"Intimidate",NA,"NFE"
727,7,"Incineroar","ガオガエン (Gaogaen)","Fire","Dark","Heel Pokémon","87.5%","12.5%",1.8,83,45,95,115,90,80,90,60,"Blaze",NA,"Intimidate",NA,"NU"
728,7,"Popplio","アシマリ (Ashimari)","Water",NA,"Sea Lion Pokémon","87.5%","12.5%",0.4,7.5,45,50,54,54,66,56,40,"Torrent",NA,"Liquid Voice",NA,"LC"
729,7,"Brionne","オシャマリ (Osyamari)","Water",NA,"Pop Star Pokémon","87.5%","12.5%",0.6,17.5,45,60,69,69,91,81,50,"Torrent",NA,"Liquid Voice",NA,"NFE"
730,7,"Primarina","アシレーヌ (Ashirene)","Water","Fairy","Soloist Pokémon","87.5%","12.5%",1.8,44,45,80,74,74,126,116,60,"Torrent",NA,"Liquid Voice",NA,"OU"
731,7,"Pikipek","ツツケラ (Tsutsukera)","Normal","Flying","Woodpecker Pokémon","50%","50%",0.3,1.2,255,35,75,30,30,30,65,"Keen Eye","Skill Link","Pickup",NA,"LC"
732,7,"Trumbeak","ケララッパ (Kerarappa)","Normal","Flying","Bugle Beak Pokémon","50%","50%",0.6,14.8,120,55,85,50,40,50,75,"Keen Eye","Skill Link","Pickup",NA,"NFE"
733,7,"Toucannon","ドデカバシ (Dodekabashi)","Normal","Flying","Cannon Pokémon","50%","50%",1.1,26,45,80,120,75,75,75,60,"Keen Eye","Skill Link","Sheer Force",NA,"ZU"
734,7,"Yungoos","ヤングース (Youngoose)","Normal",NA,"Loitering Pokémon","50%","50%",0.4,6,255,48,70,30,30,30,45,"Strong Jaw","Stakeout","Adaptability",NA,"LC"
735,7,"Gumshoos","デカグース (Dekagoose)","Normal",NA,"Stakeout Pokémon","50%","50%",0.7,14.2,127,88,110,60,55,60,45,"Strong Jaw","Stakeout","Adaptability",NA,"ZU"
736,7,"Grubbin","アゴジムシ (Agojimushi)","Bug",NA,"Larva Pokémon","50%","50%",0.4,4.4,255,47,62,45,55,45,46,"Swarm",NA,NA,NA,"LC"
737,7,"Charjabug","デンヂムシ (Dendimushi)","Bug","Electric","Battery Pokémon","50%","50%",0.5,10.5,120,57,82,95,55,75,36,"Battery",NA,NA,NA,"NFE"
738,7,"Vikavolt","クワガノン (Kuwagannon)","Bug","Electric","Stag Beetle Pokémon","50%","50%",1.5,45,45,77,70,90,145,75,43,"Levitate",NA,NA,NA,"ZU"
739,7,"Crabrawler","マケンカニ (Makenkani)","Fighting",NA,"Boxing Pokémon","50%","50%",0.6,7,225,47,82,57,42,47,63,"Hyper Cutter","Iron Fist","Anger Point",NA,"LC"
740,7,"Crabominable","ケケンカニ (Kekenkani)","Fighting","Ice","Woolly Crab Pokémon","50%","50%",1.7,180,60,97,132,77,62,67,43,"Hyper Cutter","Iron Fist","Anger Point",NA,"ZU"
741,7,"Oricorio","オドリドリ (Odoridori)","Fire","Flying","Dancing Pokémon","25%","75%",0.6,3.4,45,75,70,70,98,70,93,"Dancer",NA,NA,NA,"ZU"
742,7,"Cutiefly","アブリー (Abuly)","Bug","Fairy","Bee Fly Pokémon","50%","50%",0.1,0.2,190,40,45,40,55,40,84,"Honey Gather","Shield Dust","Sweet Veil",NA,"NFE"
743,7,"Ribombee","アブリボン (Aburibbon)","Bug","Fairy","Bee Fly Pokémon","50%","50%",0.2,0.5,75,60,55,60,95,70,124,"Honey Gather","Shield Dust","Sweet Veil",NA,"NU"
744,7,"Rockruff","イワンコ (Iwanko)","Rock",NA,"Puppy Pokémon","50%","50%",0.5,9.2,190,45,65,40,30,40,60,"Keen Eye","Vital Spirit","Steadfast",NA,"LC"
745,7,"Lycanroc","ルガルガン (Lugarugan)","Rock",NA,"Wolf Pokémon","50%","50%",0.8,25,90,75,115,65,55,65,112,"Keen Eye","Sand Rush","Steadfast",NA,"ZU"
746,7,"Wishiwashi","ヨワシ (Yowashi)","Water",NA,"Small Fry Pokémon","50%","50%",0.2,0.3,60,45,20,20,25,25,40,"Schooling",NA,NA,NA,"National Dex"
747,7,"Mareanie","ヒドイデ (Hidoide)","Poison","Water","Brutal Star Pokémon","50%","50%",0.4,8,190,50,53,62,43,52,45,"Merciless","Limber","Regenerator",NA,"LC"
748,7,"Toxapex","ドヒドイデ (Dohidoide)","Poison","Water","Brutal Star Pokémon","50%","50%",0.7,14.5,75,50,63,152,53,142,35,"Merciless","Limber","Regenerator",NA,"UU"
749,7,"Mudbray","ドロバンコ (Dorobanko)","Ground",NA,"Donkey Pokémon","50%","50%",1,110,190,70,100,70,45,55,45,"Own Tempo","Stamina","Inner Focus",NA,"LC"
750,7,"Mudsdale","バンバドロ (Banbadoro)","Ground",NA,"Draft Horse Pokémon","50%","50%",2.5,920,60,100,125,100,55,85,35,"Own Tempo","Stamina","Inner Focus",NA,"PU"
751,7,"Dewpider","シズクモ (Shizukumo)","Water","Bug","Water Bubble Pokémon","50%","50%",0.3,4,200,38,40,52,40,72,27,"Water Bubble",NA,"Water Absorb",NA,"LC"
752,7,"Araquanid","オニシズクモ (Onishizukumo)","Water","Bug","Water Bubble Pokémon","50%","50%",1.8,82,100,68,70,92,50,132,42,"Water Bubble",NA,"Water Absorb",NA,"NU"
753,7,"Fomantis","カリキリ (Karikiri)","Grass",NA,"Sickle Grass Pokémon","50%","50%",0.3,1.5,190,40,55,35,50,35,35,"Leaf Guard",NA,"Contrary",NA,"LC"
754,7,"Lurantis","ラランテス (Lalantes)","Grass",NA,"Bloom Sickle Pokémon","50%","50%",0.9,18.5,75,70,105,90,80,90,45,"Leaf Guard",NA,"Contrary",NA,"ZU"
755,7,"Morelull","ネマシュ (Nemasyu)","Grass","Fairy","Illuminating Pokémon","50%","50%",0.2,1.5,190,40,35,55,65,75,15,"Illuminate","Effect Spore","Rain Dish",NA,"National Dex"
756,7,"Shiinotic","マシェード (Mashade)","Grass","Fairy","Illuminating Pokémon","50%","50%",1,11.5,75,60,45,80,90,100,30,"Illuminate","Effect Spore","Rain Dish",NA,"National Dex"
757,7,"Salandit","ヤトウモリ (Yatoumori)","Poison","Fire","Toxic Lizard Pokémon","87.5%","12.5%",0.6,4.8,120,48,44,40,71,40,77,"Corrosion",NA,"Oblivious",NA,"LC"
758,7,"Salazzle","エンニュート (Ennewt)","Poison","Fire","Toxic Lizard Pokémon","0%","100%",1.2,22.2,45,68,64,60,111,60,117,"Corrosion",NA,"Oblivious",NA,"PU"
759,7,"Stufful","ヌイコグマ (Nuikoguma)","Normal","Fighting","Flailing Pokémon","50%","50%",0.5,6.8,140,70,75,50,45,50,50,"Fluffy","Klutz","Cute Charm",NA,"National Dex"
760,7,"Bewear","キテルグマ (Kiteruguma)","Normal","Fighting","Strong Arm Pokémon","50%","50%",2.1,135,70,120,125,80,55,60,60,"Fluffy","Klutz","Unnerve",NA,"National Dex"
761,7,"Bounsweet","アマカジ (Amakaji)","Grass",NA,"Fruit Pokémon","0%","100%",0.3,3.2,235,42,30,38,30,38,32,"Leaf Guard","Oblivious","Sweet Veil",NA,"LC"
762,7,"Steenee","アママイコ (Amamaiko)","Grass",NA,"Fruit Pokémon","0%","100%",0.7,8.2,120,52,40,48,40,48,62,"Leaf Guard","Oblivious","Sweet Veil",NA,"NFE"
763,7,"Tsareena","アマージョ (Amajo)","Grass",NA,"Fruit Pokémon","0%","100%",1.2,21.4,45,72,120,98,50,98,72,"Leaf Guard","Queenly Majesty","Sweet Veil",NA,"NU"
764,7,"Comfey","キュワワー (Cuwawa)","Fairy",NA,"Posy Picker Pokémon","25%","75%",0.1,0.3,60,51,52,90,82,110,100,"Flower Veil","Triage","Natural Cure",NA,"RUBL"
765,7,"Oranguru","ヤレユータン (Yareyuutan)","Normal","Psychic","Sage Pokémon","50%","50%",1.5,76,45,90,60,80,90,110,60,"Inner Focus","Telepathy","Symbiosis",NA,"ZU"
766,7,"Passimian","ナゲツケサル (Nagetukesaru)","Fighting",NA,"Teamwork Pokémon","50%","50%",2,82.8,45,100,120,90,40,60,80,"Receiver",NA,"Defiant",NA,"ZU"
767,7,"Wimpod","コソクムシ (Kosokumushi)","Bug","Water","Turn Tail Pokémon","50%","50%",0.5,12,90,25,35,40,20,30,80,"Wimp Out",NA,NA,NA,"National Dex"
768,7,"Golisopod","グソクムシャ (Gusokumusha)","Bug","Water","Hard Scale Pokémon","50%","50%",2,108,45,75,125,140,60,90,40,"Emergency Exit",NA,NA,NA,"National Dex"
769,7,"Sandygast","スナバァ (Sunaba)","Ghost","Ground","Sand Heap Pokémon","50%","50%",0.5,70,140,55,55,80,70,45,15,"Water Compaction",NA,"Sand Veil",NA,"LC"
770,7,"Palossand","シロデスナ (Sirodethna)","Ghost","Ground","Sand Castle Pokémon","50%","50%",1.3,250,60,85,75,110,100,75,35,"Water Compaction",NA,"Sand Veil",NA,"PU"
771,7,"Pyukumuku","ナマコブシ (Namakobushi)","Water",NA,"Sea Cucumber Pokémon","50%","50%",0.3,1.2,60,55,60,130,30,130,5,"Innards Out",NA,"Unaware",NA,"National Dex"
772,7,"Type: Null","タイプ：ヌル (Type: Null)","Normal",NA,"Synthetic Pokémon","","",1.9,120.5,3,95,95,95,95,95,59,"Battle Armor",NA,NA,NA,"National Dex"
773,7,"Silvally","シルヴァディ (Silvady)","Normal",NA,"Synthetic Pokémon","","",2.3,100.5,3,95,95,95,95,95,95,"RKS System",NA,NA,NA,"National Dex"
774,7,"Minior","メテノ (Meteno)","Rock","Flying","Meteor Pokémon","","",0.3,40,30,60,60,100,60,100,60,"Shields Down",NA,NA,NA,"ZU"
775,7,"Komala","ネッコアラ (Nekkoara)","Normal",NA,"Drowsing Pokémon","50%","50%",0.4,19.9,45,65,115,65,75,95,65,"Comatose",NA,NA,NA,"ZU"
776,7,"Turtonator","バクガメス (Bakugames)","Fire","Dragon","Blast Turtle Pokémon","50%","50%",2,212,70,60,78,135,91,85,36,"Shell Armor",NA,NA,NA,"National Dex"
777,7,"Togedemaru","トゲデマル (Togedemaru)","Electric","Steel","Roly-Poly Pokémon","50%","50%",0.3,3.3,180,65,98,63,40,73,96,"Iron Barbs","Lightning Rod","Sturdy",NA,"National Dex"
778,7,"Mimikyu","ミミッキュ (Mimikkyu)","Ghost","Fairy","Disguise Pokémon","50%","50%",0.2,0.7,45,55,90,80,50,105,96,"Disguise",NA,NA,NA,"RU"
779,7,"Bruxish","ハギギシリ (Hagigishiri)","Water","Psychic","Gnash Teeth Pokémon","50%","50%",0.9,19,80,68,105,70,70,70,92,"Dazzling","Strong Jaw","Wonder Skin",NA,"PU"
780,7,"Drampa","ジジーロン (Jijilong)","Normal","Dragon","Placid Pokémon","50%","50%",3,185,70,78,60,85,135,91,36,"Berserk","Sap Sipper","Cloud Nine",NA,"National Dex"
781,7,"Dhelmise","ダダリン (Dadarin)","Ghost","Grass","Sea Creeper Pokémon","","",3.9,210,25,70,131,100,86,90,40,"Steelworker",NA,NA,NA,"National Dex"
782,7,"Jangmo-o","ジャラコ (Jyarako)","Dragon",NA,"Scaly Pokémon","50%","50%",0.6,29.7,45,45,55,65,45,45,45,"Bulletproof","Soundproof","Overcoat",NA,"LC"
783,7,"Hakamo-o","ジャランゴ (Jyarango)","Dragon","Fighting","Scaly Pokémon","50%","50%",1.2,47,45,55,75,90,65,70,65,"Bulletproof","Soundproof","Overcoat",NA,"NFE"
784,7,"Kommo-o","ジャラランガ (Jyararanga)","Dragon","Fighting","Scaly Pokémon","50%","50%",1.6,78.2,45,75,110,125,100,105,85,"Bulletproof","Soundproof","Overcoat",NA,"UUBL"
785,7,"Tapu Koko","カプ・コケコ (Kapu-Kokeko)","Electric","Fairy","Land Spirit Pokémon","","",1.8,20.5,3,70,115,85,95,75,130,"Electric Surge",NA,"Telepathy",NA,"National Dex"
786,7,"Tapu Lele","カプ・テテフ (Kapu-Tetefu)","Psychic","Fairy","Land Spirit Pokémon","","",1.2,18.6,3,70,85,75,130,115,95,"Psychic Surge",NA,"Telepathy",NA,"National Dex"
787,7,"Tapu Bulu","カプ・ブルル (Kapu-Bulul)","Grass","Fairy","Land Spirit Pokémon","","",1.9,45.5,3,70,130,115,85,95,75,"Grassy Surge",NA,"Telepathy",NA,"National Dex"
788,7,"Tapu Fini","カプ・レヒレ (Kapu-Rehire)","Water","Fairy","Land Spirit Pokémon","","",1.3,21.2,3,70,75,115,95,130,85,"Misty Surge",NA,"Telepathy",NA,"National Dex"
789,7,"Cosmog","コスモッグ (Cosmog)","Psychic",NA,"Nebula Pokémon","","",0.2,0.1,45,43,29,31,29,31,37,"Unaware",NA,NA,NA,"LC"
790,7,"Cosmoem","コスモウム (Cosmovum)","Psychic",NA,"Protostar Pokémon","","",0.1,999.9,45,43,29,131,29,131,37,"Sturdy",NA,NA,NA,"NFE"
791,7,"Solgaleo","ソルガレオ (Solgaleo)","Psychic","Steel","Sunne Pokémon","","",3.4,230,45,137,137,107,113,89,97,"Full Metal Body",NA,NA,NA,"Uber"
792,7,"Lunala","ルナアーラ (Lunala)","Psychic","Ghost","Moone Pokémon","","",4,120,45,137,113,89,137,107,97,"Shadow Shield",NA,NA,NA,"Uber"
793,7,"Nihilego","ウツロイド (Uturoid)","Rock","Poison","Parasite Pokémon","","",1.2,55.5,45,109,53,47,127,131,103,"Beast Boost",NA,NA,NA,"National Dex"
794,7,"Buzzwole","マッシブーン (Massivoon)","Bug","Fighting","Swollen Pokémon","","",2.4,333.6,45,107,139,139,53,53,79,"Beast Boost",NA,NA,NA,"National Dex"
795,7,"Pheromosa","フェローチェ (Pheroache)","Bug","Fighting","Lissome Pokémon","","",1.8,25,45,71,137,37,137,37,151,"Beast Boost",NA,NA,NA,"National Dex"
796,7,"Xurkitree","デンジュモク (Denjyumoku)","Electric",NA,"Glowing Pokémon","","",3.8,100,45,83,89,71,173,71,83,"Beast Boost",NA,NA,NA,"National Dex"
797,7,"Celesteela","テッカグヤ (Tekkaguya)","Steel","Flying","Launch Pokémon","","",9.2,999.9,45,97,101,103,107,101,61,"Beast Boost",NA,NA,NA,"National Dex"
798,7,"Kartana","カミツルギ (Kamiturugi)","Grass","Steel","Drawn Sword Pokémon","","",0.3,0.1,45,59,181,131,59,31,109,"Beast Boost",NA,NA,NA,"National Dex"
799,7,"Guzzlord","アクジキング (Akuziking)","Dark","Dragon","Junkivore Pokémon","","",5.5,888,45,223,101,53,97,53,43,"Beast Boost",NA,NA,NA,"National Dex"
800,7,"Necrozma","ネクロズマ (Necrozma)","Psychic",NA,"Prism Pokémon","","",2.4,230,255,97,107,101,127,89,79,"Prism Armor",NA,NA,NA,"NUBL"
801,7,"Magearna","マギアナ (Magearna)","Steel","Fairy","Artificial Pokémon","","",1,80.5,3,80,95,115,130,115,65,"Soul-Heart",NA,NA,NA,"Uber"
802,7,"Marshadow","マーシャドー (Marshadow)","Fighting","Ghost","Gloomdweller Pokémon","","",0.7,22.2,3,90,125,80,90,90,125,"Technician",NA,NA,NA,"National Dex"
803,7,"Poipole","ベベノム (Bevenom)","Poison",NA,"Poison Pin Pokémon","","",0.6,1.8,45,67,73,67,73,67,73,"Beast Boost",NA,NA,NA,"National Dex"
804,7,"Naganadel","アーゴヨン (Agoyon)","Poison","Dragon","Poison Pin Pokémon","","",3.6,150,45,73,73,73,127,73,121,"Beast Boost",NA,NA,NA,"National Dex"
805,7,"Stakataka","ツンデツンデ (Tundetunde)","Rock","Steel","Rampart Pokémon","","",5.5,820,30,61,131,211,53,101,13,"Beast Boost",NA,NA,NA,"National Dex"
806,7,"Blacephalon","ズガドーン (Zugadoon)","Fire","Ghost","Fireworks Pokémon","","",1.8,13,30,53,127,53,151,79,107,"Beast Boost",NA,NA,NA,"National Dex"
807,7,"Zeraora","ゼラオラ (Zeraora)","Electric",NA,"Thunderclap Pokémon","","",1.5,44.5,3,88,112,75,102,80,143,"Volt Absorb",NA,NA,NA,"National Dex"
808,7,"Meltan","メルタン (Merutan)","Steel",NA,"Hex Nut Pokémon","","",0.2,8,3,46,65,65,55,35,34,"Magnet Pull",NA,NA,NA,"National Dex"
809,7,"Melmetal","メルメタル (Merumetaru)","Steel",NA,"Hex Nut Pokémon","","",2.5,800,3,135,143,143,80,65,34,"Iron Fist",NA,NA,NA,"National Dex"
810,8,"Grookey","サルノリ (Saru nori)","Grass",NA,"Chimp Pokémon","87.5%","12.5%",0.3,5,45,50,65,50,40,40,65,"Overgrow",NA,"Grassy Surge",NA,"LC"
811,8,"Thwackey","バチンキー (Bachinkī)","Grass",NA,"Beat Pokémon","87.5%","12.5%",0.7,14,45,70,85,70,55,60,80,"Overgrow",NA,"Grassy Surge",NA,"NFE"
812,8,"Rillaboom","ゴリランダー (Gorirandā)","Grass",NA,"Drummer Pokémon","87.5%","12.5%",2.1,90,45,100,125,90,60,70,85,"Overgrow",NA,"Grassy Surge",NA,"OU"
813,8,"Scorbunny","ヒバニー (Hibanī)","Fire",NA,"Rabbit Pokémon","87.5%","12.5%",0.3,4.5,45,50,71,40,40,40,69,"Blaze",NA,"Libero",NA,"LC"
814,8,"Raboot","ラビフット (Rabifutto)","Fire",NA,"Rabbit Pokémon","87.5%","12.5%",0.6,9,45,65,86,60,55,60,94,"Blaze",NA,"Libero",NA,"NFE"
815,8,"Cinderace","エースバーン (Ēsu bān)","Fire",NA,"Striker Pokémon","87.5%","12.5%",1.4,33,45,80,116,75,65,75,119,"Blaze",NA,"Libero",NA,"OU"
816,8,"Sobble","メッソン (Messon)","Water",NA,"Water Lizard Pokémon","87.5%","12.5%",0.3,4,45,50,40,40,70,40,70,"Torrent",NA,"Sniper",NA,"LC"
817,8,"Drizzile","ジメレオン (Jimereon)","Water",NA,"Water lizard Pokémon","87.5%","12.5%",0.7,11.5,45,65,60,55,95,55,90,"Torrent",NA,"Sniper",NA,"NFE"
818,8,"Inteleon","インテレオン (Intereon)","Water",NA,"Secret Agent Pokémon","87.5%","12.5%",1.9,45.2,45,70,85,65,125,65,120,"Torrent",NA,"Sniper",NA,"PUBL"
819,8,"Skwovet","ホシガリス (Hoshigarisu)","Normal",NA,"Cheeky Pokémon","50%","50%",0.3,2.5,255,70,55,55,35,35,25,"Cheek Pouch",NA,"Gluttony",NA,"LC"
820,8,"Greedent","ヨクバリス (Yokubarisu)","Normal",NA,"Greedy Pokémon","50%","50%",0.6,6,90,120,95,95,55,75,20,"Cheek Pouch",NA,"Gluttony",NA,"ZU"
821,8,"Rookidee","ココガラ (Kokogara)","Flying",NA,"Tiny Bird Pokémon","50%","50%",0.2,1.8,255,38,47,35,33,35,57,"Keen Eye","Unnerve","Big Pecks",NA,"LC"
822,8,"Corvisquire","アオガラス (Aogarasu)","Flying",NA,"Raven Pokémon","50%","50%",0.8,16,120,68,67,55,43,55,77,"Keen Eye","Unnerve","Big Pecks",NA,"NFE"
823,8,"Corviknight","アーマーガア (Āmāgā)","Flying","Steel","Raven Pokémon","50%","50%",2.2,75,45,98,87,105,53,85,67,"Pressure","Unnerve","Mirror Armor",NA,"OU"
824,8,"Blipbug","サッチムシ (Sacchimushi)","Bug",NA,"Larva Pokémon","50%","50%",0.4,8,255,25,20,20,25,45,45,"Swarm","Compound Eyes","Telepathy",NA,"National Dex"
825,8,"Dottler","レドームシ (Redōmushi)","Bug","Psychic","Radome Pokémon","50%","50%",0.4,19.5,120,50,35,80,50,90,30,"Swarm","Compound Eyes","Telepathy",NA,"National Dex"
826,8,"Orbeetle","イオルブ (Iorubu)","Bug","Psychic","Seven Spot Pokémon","50%","50%",0.4,40.8,45,60,45,110,80,120,90,"Swarm","Frisk","Telepathy",NA,"National Dex"
827,8,"Nickit","クスネ (Kusune)","Dark",NA,"Fox Pokémon","50%","50%",0.6,8.9,255,40,28,28,47,52,50,"Run Away","Unburden","Stakeout",NA,"National Dex"
828,8,"Thievul","フォクスライ (Fokusurai)","Dark",NA,"Fox Pokémon","50%","50%",1.2,19.9,127,70,58,58,87,92,90,"Run Away","Unburden","Stakeout",NA,"National Dex"
829,8,"Gossifleur","ヒメンカ (Himenka)","Grass",NA,"Flowering Pokémon","50%","50%",0.4,2.2,190,40,40,60,40,60,10,"Cotton Down","Regenerator","Effect Spore",NA,"National Dex"
830,8,"Eldegoss","ワタシラガ (Watashiraga)","Grass",NA,"Cotton Bloom Pokémon","50%","50%",0.5,2.5,75,60,50,90,80,120,60,"Cotton Down","Regenerator","Effect Spore",NA,"National Dex"
831,8,"Wooloo","ウールー (Ū rū)","Normal",NA,"Sheep Pokémon","50%","50%",0.6,6,255,42,40,55,40,45,48,"Fluffy","Run Away","Bulletproof",NA,"National Dex"
832,8,"Dubwool","バイウールー (Baiūrū)","Normal",NA,"Sheep Pokémon","50%","50%",1.3,43,127,72,80,100,60,90,88,"Fluffy","Steadfast","Bulletproof",NA,"National Dex"
833,8,"Chewtle","カムカメ (Kamu kame)","Water",NA,"Snapping Pokémon","50%","50%",0.3,8.5,255,50,64,50,38,38,44,"Strong Jaw","Shell Armor","Swift Swim",NA,"LC"
834,8,"Drednaw","カジリガメ (Kajirigame)","Water","Rock","Bite Pokémon","50%","50%",1,115.5,75,90,115,90,48,68,74,"Strong Jaw","Shell Armor","Swift Swim",NA,"PUBL"
835,8,"Yamper","ワンパチ (Wanpachi)","Electric",NA,"Puppy Pokémon","50%","50%",0.3,13.5,255,59,45,50,40,50,26,"Ball Fetch",NA,"Rattled",NA,"National Dex"
836,8,"Boltund","パルスワン (Paru suwan)","Electric",NA,"Dog Pokémon","50%","50%",1,34,45,69,90,60,90,60,121,"Strong Jaw",NA,"Competitive",NA,"National Dex"
837,8,"Rolycoly","タンドン (Tan don)","Rock",NA,"Coal Pokémon","50%","50%",0.3,12,255,30,40,50,40,50,30,"Steam Engine","Heatproof","Flash Fire",NA,"LC"
838,8,"Carkol","トロッゴン (Toroggon)","Rock","Fire","Coal Pokémon","50%","50%",1.1,78,120,80,60,90,60,70,50,"Steam Engine","Flame Body","Flash Fire",NA,"NFE"
839,8,"Coalossal","セキタンザン (Sekitanzan)","Rock","Fire","Coal Pokémon","50%","50%",2.8,310.5,45,110,80,120,80,90,30,"Steam Engine","Flame Body","Flash Fire",NA,"PU"
840,8,"Applin","カジッチュ (Kajicchu)","Grass","Dragon","Apple Core Pokémon","50%","50%",0.2,0.5,255,40,40,80,40,40,20,"Ripen","Gluttony","Bulletproof",NA,"LC"
841,8,"Flapple","アップリュー (Appuryū)","Grass","Dragon","Apple Wing Pokémon","50%","50%",0.3,1,45,70,110,80,95,60,70,"Ripen","Gluttony","Hustle",NA,"ZU"
842,8,"Appletun","タルップル (Taruppuru)","Grass","Dragon","Apple Nectar Pokémon","50%","50%",0.4,13,45,110,85,80,100,80,30,"Ripen","Gluttony","Thick Fat",NA,"ZU"
843,8,"Silicobra","スナヘビ (Sunahebi)","Ground",NA,"Sand Snake Pokémon","50%","50%",2.2,7.6,255,52,57,75,35,50,46,"Sand Spit","Shed Skin","Sand Veil",NA,"LC"
844,8,"Sandaconda","サダイジャ (Sadaija)","Ground",NA,"Sand Snake Pokémon","50%","50%",3.8,65.5,120,72,107,125,65,70,71,"Sand Spit","Shed Skin","Sand Veil",NA,"ZU"
845,8,"Cramorant","ウッウ (Ūu)","Flying","Water","Gulp Pokémon","50%","50%",0.8,18,45,70,85,55,85,95,85,"Gulp Missile",NA,NA,NA,"PU"
846,8,"Arrokuda","サシカマス (Sashi kamasu)","Water",NA,"Rush Pokémon","50%","50%",0.5,1,255,41,63,40,40,30,66,"Swift Swim",NA,"Propeller Tail",NA,"LC"
847,8,"Barraskewda","カマスジョー (Kamasu jō)","Water",NA,"Skewer Pokémon","50%","50%",1.3,30,60,61,123,60,60,50,136,"Swift Swim",NA,"Propeller Tail",NA,"NU"
848,8,"Toxel","エレズン (Erezun)","Electric","Poison","Baby Pokémon","50%","50%",0.4,11,75,40,38,35,54,35,40,"Rattled","Static","Klutz",NA,"LC"
849,8,"Toxtricity","ストリンダー (Sutorindā)","Electric","Poison","Punk Pokémon","50%","50%",1.6,40,45,75,98,70,114,70,75,"Punk Rock","Plus","Technician",NA,"NU"
850,8,"Sizzlipede","ヤクデ (Yaku de)","Fire","Bug","Radiator Pokémon","50%","50%",0.7,1,190,50,65,45,50,50,45,"Flash Fire","White Smoke","Flame Body",NA,"National Dex"
851,8,"Centiskorch","マルヤクデ (Maruyakude)","Fire","Bug","Radiator Pokémon","50%","50%",3,120,75,100,115,65,90,90,65,"Flash Fire","White Smoke","Flame Body",NA,"National Dex"
852,8,"Clobbopus","タタッコ (Tatakko)","Fighting",NA,"Tantrum Pokémon","50%","50%",0.6,4,180,50,68,60,50,50,32,"Limber",NA,"Technician",NA,"National Dex"
853,8,"Grapploct","オトスパス (Otosupasu)","Fighting",NA,"Tantrum Pokémon","50%","50%",1.6,39,45,80,118,90,70,80,42,"Limber",NA,"Technician",NA,"National Dex"
854,8,"Sinistea","ヤバチャ (Yabacha)","Ghost",NA,"Black Tea Pokémon","","",0.1,0.2,120,40,45,45,74,54,50,"Weak Armor",NA,"Cursed Body",NA,"LC"
855,8,"Polteageist","ポットデス (Pottodesu)","Ghost",NA,"Black Tea Pokémon","","",0.2,0.4,60,60,65,65,134,114,70,"Weak Armor",NA,"Cursed Body",NA,"UUBL"
856,8,"Hatenna","ミブリム (Miburimu)","Psychic",NA,"Calm Pokémon","0%","100%",0.4,3.4,235,42,30,45,56,53,39,"Healer","Anticipation","Magic Bounce",NA,"LC"
857,8,"Hattrem","テブリム (Teburimu)","Psychic",NA,"Serene Pokémon","0%","100%",0.6,4.8,120,57,40,65,86,73,49,"Healer","Anticipation","Magic Bounce",NA,"NFE"
858,8,"Hatterene","ブリムオン (Burimuon)","Psychic","Fairy","Silent Pokémon","0%","100%",2.1,5.1,45,57,90,95,136,103,29,"Healer","Anticipation","Magic Bounce",NA,"OU"
859,8,"Impidimp","ベロバー (Berobā)","Dark","Fairy","Wily Pokémon","100%","0%",0.4,5.5,255,45,45,30,55,40,50,"Prankster","Frisk","Pickpocket",NA,"LC"
860,8,"Morgrem","ギモー (Gimō)","Dark","Fairy","Devious Pokémon","100%","0%",0.8,12.5,120,65,60,45,75,55,70,"Prankster","Frisk","Pickpocket",NA,"NFE"
861,8,"Grimmsnarl","オーロンゲ (Ō ronge)","Dark","Fairy","Bulk Up Pokémon","100%","0%",1.5,61,45,95,120,65,95,75,60,"Prankster","Frisk","Pickpocket",NA,"PU"
862,8,"Obstagoon","タチフサグマ (Tachifusaguma)","Dark","Normal","Blocking Pokémon","50%","50%",1.6,46,45,93,90,101,60,81,95,"Reckless","Guts","Defiant",NA,"National Dex"
863,8,"Perrserker","ニャイキング (Nyaikingu)","Steel",NA,"Viking Pokémon","50%","50%",0.8,28,90,70,110,100,50,60,50,"Battle Armor","Tough Claws","Steely Spirit",NA,"ZU"
864,8,"Cursola","サニゴーン (Sanigōn)","Ghost",NA,"Coral Pokémon","25%","75%",1,0.4,30,60,95,50,145,130,30,"Weak Armor",NA,"Perish Body",NA,"National Dex"
865,8,"Sirfetch'd","ネギガナイト (Negiganaito)","Fighting",NA,"Wild Duck Pokémon","50%","50%",0.8,117,45,62,135,95,68,82,65,"Steadfast",NA,"Scrappy",NA,"National Dex"
866,8,"Mr. Rime","バリコオル (Barikōru)","Ice","Psychic","Comedian Pokémon","50%","50%",1.5,58.2,45,80,85,75,110,100,70,"Tangled Feet","Screen Cleaner","Ice Body",NA,"National Dex"
867,8,"Runerigus","デスバーン (Desubān)","Ground","Ghost","Grudge Pokémon","50%","50%",1.6,66.6,90,58,95,145,50,105,30,"Wandering Spirit",NA,NA,NA,"National Dex"
868,8,"Milcery","マホミル (Mahomiru)","Fairy",NA,"Cream Pokémon","0%","100%",0.2,0.3,200,45,40,40,50,61,34,"Sweet Veil",NA,"Aroma Veil",NA,"LC"
869,8,"Alcremie","マホイップ (Mahoippu)","Fairy",NA,"Cream Pokémon","0%","100%",0.3,0.5,100,65,60,75,110,121,64,"Sweet Veil",NA,"Aroma Veil",NA,"ZUBL"
870,8,"Falinks","タイレーツ (Tairētsu)","Fighting",NA,"Formation Pokémon","","",3,62,45,65,100,100,70,60,75,"Battle Armor",NA,"Defiant",NA,"ZU"
871,8,"Pincurchin","バチンウニ (Bachinuni)","Electric",NA,"Sea Urchin Pokémon","50%","50%",0.3,1,75,48,101,95,91,85,15,"Lightning Rod",NA,"Electric Surge",NA,"ZU"
872,8,"Snom","ユキハミ (Yukihami)","Ice","Bug","Worm Pokémon","50%","50%",0.3,3.8,190,30,25,35,45,30,20,"Shield Dust",NA,"Ice Scales",NA,"LC"
873,8,"Frosmoth","モスノウ (Mosunō)","Ice","Bug","Frost Moth Pokémon","50%","50%",1.3,42,75,70,65,60,125,90,65,"Shield Dust",NA,"Ice Scales",NA,"PUBL"
874,8,"Stonjourner","イシヘンジン (Ishihenjin)","Rock",NA,"Big Rock Pokémon","50%","50%",2.5,520,60,100,125,135,20,20,70,"Power Spot",NA,NA,NA,"ZU"
875,8,"Eiscue","コオリッポ (Kōrippo)","Ice",NA,"Penguin Pokémon","50%","50%",1.4,89,60,75,80,110,65,90,50,"Ice Face",NA,NA,NA,"ZU"
876,8,"Indeedee","イエッサン (Iessan)","Psychic","Normal","Emotion Pokémon","100%","0%",0.9,28,30,60,65,55,105,95,95,"Inner Focus","Synchronize","Psychic Surge",NA,"PUBL"
877,8,"Morpeko","モルペコ (Morupeko)","Electric","Dark","Two-Sided Pokémon","50%","50%",0.3,3,180,58,95,58,70,58,97,"Hunger Switch",NA,NA,NA,"ZU"
878,8,"Cufant","ゾウドウ (Zōdō)","Steel",NA,"Copperderm Pokémon","50%","50%",1.2,100,190,72,80,49,40,49,40,"Sheer Force",NA,"Heavy Metal",NA,"LC"
879,8,"Copperajah","ダイオウドウ (Daiōdō)","Steel",NA,"Copperderm Pokémon","50%","50%",3,650,90,122,130,69,80,69,30,"Sheer Force",NA,"Heavy Metal",NA,"NU"
880,8,"Dracozolt","パッチラゴン (Pacchiragon)","Electric","Dragon","Fossil Pokémon","","",1.8,190,45,90,100,90,80,70,75,"Volt Absorb","Hustle","Sand Rush",NA,"National Dex"
881,8,"Arctozolt","パッチルドン (Pacchirudon)","Electric","Ice","Fossil Pokémon","","",2.3,150,45,90,100,90,90,80,55,"Volt Absorb","Static","Slush Rush",NA,"National Dex"
882,8,"Dracovish","ウオノラゴン (Uonoragon)","Water","Dragon","Fossil Pokémon","","",2.3,215,45,90,90,100,70,80,75,"Water Absorb","Strong Jaw","Sand Rush",NA,"National Dex"
883,8,"Arctovish","ウオチルドン (Uochirudon)","Water","Ice","Fossil Pokémon","","",2,175,45,90,90,100,80,90,55,"Water Absorb","Ice Body","Slush Rush",NA,"National Dex"
884,8,"Duraludon","ジュラルドン (Jurarudon)","Steel","Dragon","Alloy Pokémon","50%","50%",1.8,40,45,70,95,115,120,50,85,"Light Metal","Heavy Metal","Stalwart",NA,"NU"
885,8,"Dreepy","ドラメシヤ (Dorameshiya)","Dragon","Ghost","Lingering Pokémon","50%","50%",0.5,2,45,28,60,30,40,30,82,"Clear Body","Infiltrator","Cursed Body",NA,"LC"
886,8,"Drakloak","ドロンチ (Doronchi)","Dragon","Ghost","Caretaker Pokémon","50%","50%",1.4,11,45,68,80,50,60,50,102,"Clear Body","Infiltrator","Cursed Body",NA,"NFE"
887,8,"Dragapult","ドラパルト (Doraparuto)","Dragon","Ghost","Stealth Pokémon","50%","50%",3,50,45,88,120,75,100,75,142,"Clear Body","Infiltrator","Cursed Body",NA,"OU"
888,8,"Zacian","ザシアン (Zashian)","Fairy",NA,"Warrior Pokémon","","",2.8,110,10,92,120,115,80,115,138,"Intrepid Sword",NA,NA,NA,"Uber"
889,8,"Zamazenta","ザマゼンタ (Zamazenta)","Fighting",NA,"Warrior Pokémon","","",2.9,210,10,92,120,115,80,115,138,"Dauntless Shield",NA,NA,NA,"OU"
890,8,"Eternatus","ムゲンダイナ (Mugendaina)","Poison","Dragon","Gigantic Pokémon","","",20,950,255,140,85,95,145,95,130,"Pressure",NA,NA,NA,"Uber"
891,8,"Kubfu","ダクマ (Dakuma)","Fighting",NA,"Wushu Pokémon","87.5%","12.5%",0.6,12,3,60,90,60,53,50,72,"Inner Focus",NA,NA,NA,"NFE"
892,8,"Urshifu","ウーラオス (Ū raosu)","Fighting","Dark","Wushu Pokémon","87.5%","12.5%",1.9,105,3,100,130,100,63,60,97,"Unseen Fist",NA,NA,NA,"Uber"
893,8,"Zarude","ザルード (Zarūdo)","Dark","Grass","Rogue Monkey Pokémon","","",1.8,70,3,105,120,105,70,95,105,"Leaf Guard",NA,NA,NA,"UUBL"
894,8,"Regieleki","レジエレキ (Reji ereki)","Electric",NA,"Electron Pokémon","","",1.2,145,3,80,100,50,100,50,200,"Transistor",NA,NA,NA,"Uber"
895,8,"Regidrago","レジドラゴ (Rejidorago)","Dragon",NA,"Dragon Orb Pokémon","","",2.1,200,3,200,100,50,100,50,80,"Dragon's Maw",NA,NA,NA,"NUBL"
896,8,"Glastrier","ブリザポス (Burizaposu)","Ice",NA,"Wild Horse Pokémon","","",2.2,800,3,100,145,130,65,110,30,"Chilling Neigh",NA,NA,NA,"ZU"
897,8,"Spectrier","レイスポス (Reisuposu)","Ghost",NA,"Swift Horse Pokémon","","",2,44.5,3,100,65,60,145,80,130,"Grim Neigh",NA,NA,NA,"Uber"
898,8,"Calyrex","バドレックス (Badorekkusu)","Psychic","Grass","King Pokémon","","",1.1,7.7,3,100,80,80,80,80,80,"Unnerve",NA,NA,NA,"ZU"
899,8,"Wyrdeer","アヤシシ","Normal","Psychic","Big Horn Pokémon","50%","50%",1.8,95.1,45,103,105,72,105,75,65,"Intimidate","Frisk","Sap Sipper",NA,"ZU"
900,8,"Kleavor","バサギリ","Bug","Rock","Axe Pokémon","50%","50%",1.8,89,15,70,135,95,45,70,85,"Swarm","Sheer Force","Sharpness",NA,"RU"
901,8,"Ursaluna","ガチグマ","Ground","Normal","Peat Pokémon","50%","50%",2.4,290,20,130,140,105,45,80,50,"Guts","Bulletproof","Unnerve",NA,"UUBL"
902,8,"Basculegion","イダイトウ","Water","Ghost","Big Fish Pokémon","100%","0%",3,110,45,120,112,65,80,75,78,"Swift Swim","Adaptability","Mold Breaker",NA,"NU"
903,8,"Sneasler","オオニューラ","Fighting","Poison","Free Climb Pokémon","50%","50%",1.3,43,20,80,130,60,40,80,120,"Pressure","Unburden","Poison Touch",NA,"Uber"
904,8,"Overqwil","ハリーマン","Dark","Poison","Pin Cluster Pokémon","50%","50%",2.5,60.5,45,85,115,95,65,65,85,"Poison Point","Swift Swim","Intimidate",NA,"NU"
905,8,"Enamorus","ラブトロス","Fairy","Flying","Love-Hate Pokémon","0%","100%",1.6,48,3,74,115,70,135,80,106,"Cute Charm",NA,"Contrary",NA,"OU"
906,9,"Sprigatito","ニャオハ","Grass",NA,"Grass Cat Pokémon","87.5%","12.5%",0.4,4.1,45,40,61,54,45,45,65,"Overgrow",NA,"Protean",NA,"LC"
907,9,"Floragato","ニャローテ","Grass",NA,"Grass Cat Pokémon","87.5%","12.5%",0.9,12.2,45,61,80,63,60,63,83,"Overgrow",NA,"Protean",NA,"NFE"
908,9,"Meowscarada","マスカーニャ","Grass","Dark","Magician Pokémon","87.5%","12.5%",1.5,31.2,45,76,110,70,81,70,123,"Overgrow",NA,"Protean",NA,"UUBL"
909,9,"Fuecoco","ホゲータ","Fire",NA,"Fire Croc Pokémon","87.5%","12.5%",0.4,9.8,45,67,45,59,63,40,36,"Blaze",NA,"Unaware",NA,"LC"
910,9,"Crocalor","アチゲータ","Fire",NA,"Fire Croc Pokémon","87.5%","12.5%",1,30.7,45,81,55,78,90,58,49,"Blaze",NA,"Unaware",NA,"NFE"
911,9,"Skeledirge","ラウドボーン","Fire","Ghost","Singer Pokémon","87.5%","12.5%",1.6,326.5,45,104,75,100,110,75,66,"Blaze",NA,"Unaware",NA,"UU"
912,9,"Quaxly","クワッス","Water",NA,"Duckling Pokémon","87.5%","12.5%",0.5,6.1,45,55,65,45,50,45,50,"Torrent",NA,"Moxie",NA,"LC"
913,9,"Quaxwell","ウェルカモ","Water",NA,"Practicing Pokémon","87.5%","12.5%",1.2,21.5,45,70,85,65,65,60,65,"Torrent",NA,"Moxie",NA,"NFE"
914,9,"Quaquaval","ウェーニバル","Water","Fighting","Dancer Pokémon","87.5%","12.5%",1.8,61.9,45,85,120,80,85,75,85,"Torrent",NA,"Moxie",NA,"UUBL"
915,9,"Lechonk","グルトン","Normal",NA,"Hog Pokémon","50%","50%",0.5,10.2,255,54,45,40,35,45,35,"Aroma Veil","Gluttony","Thick Fat",NA,"LC"
916,9,"Oinkologne","パフュートン","Normal",NA,"Hog Pokémon","100%","0%",1,120,100,110,100,75,59,80,65,"Lingering Aroma","Gluttony","Thick Fat",NA,"ZU"
917,9,"Tarountula","タマンチュラ","Bug",NA,"String Ball Pokémon","50%","50%",0.3,4,255,35,41,45,29,40,20,"Insomnia",NA,"Stakeout",NA,"LC"
918,9,"Spidops","ワナイダー","Bug",NA,"Trap Pokémon","50%","50%",1,16.5,120,60,79,92,52,86,35,"Insomnia",NA,"Stakeout",NA,"ZU"
919,9,"Nymble","マメバッタ","Bug",NA,"Grasshopper Pokémon","50%","50%",0.2,1,190,33,46,40,21,25,45,"Swarm",NA,"Tinted Lens",NA,"LC"
920,9,"Lokix","エクスレッグ","Bug","Dark","Grasshopper Pokémon","50%","50%",1,17.5,30,71,102,78,52,55,92,"Swarm",NA,"Tinted Lens",NA,"UU"
921,9,"Pawmi","パモ","Electric",NA,"Mouse Pokémon","50%","50%",0.3,2.5,190,45,50,20,40,25,60,"Static","Natural Cure","Iron Fist",NA,"LC"
922,9,"Pawmo","パモット","Electric","Fighting","Mouse Pokémon","50%","50%",0.4,6.5,80,60,75,40,50,40,85,"Volt Absorb","Natural Cure","Iron Fist",NA,"NFE"
923,9,"Pawmot","パーモット","Electric","Fighting","Hands-On Pokémon","50%","50%",0.9,41,45,70,115,70,70,60,105,"Volt Absorb","Natural Cure","Iron Fist",NA,"PU"
924,9,"Tandemaus","ワッカネズミ","Normal",NA,"Couple Pokémon","","",0.3,1.8,150,50,50,45,40,45,75,"Run Away","Pickup","Own Tempo",NA,"LC"
925,9,"Maushold","イッカネズミ","Normal",NA,"Family Pokémon","","",0.3,2.8,75,74,75,70,65,75,111,"Friend Guard","Cheek Pouch","Technician",NA,"RU"
926,9,"Fidough","パピモッチ","Fairy",NA,"Puppy Pokémon","50%","50%",0.3,10.9,190,37,55,70,30,55,65,"Own Tempo",NA,"Klutz",NA,"LC"
927,9,"Dachsbun","バウッツェル","Fairy",NA,"Dog Pokémon","50%","50%",0.5,14.9,90,57,80,115,50,80,95,"Well-Baked Body",NA,"Aroma Veil",NA,"ZU"
928,9,"Smoliv","ミニーブ","Grass","Normal","Olive Pokémon","50%","50%",0.3,6.5,255,41,35,45,58,51,30,"Early Bird",NA,"Harvest",NA,"LC"
929,9,"Dolliv","オリーニョ","Grass","Normal","Olive Pokémon","50%","50%",0.6,11.9,120,52,53,60,78,78,33,"Early Bird",NA,"Harvest",NA,"NFE"
930,9,"Arboliva","オリーヴァ","Grass","Normal","Olive Pokémon","50%","50%",1.4,48.2,45,78,69,90,125,109,39,"Seed Sower",NA,"Harvest",NA,"ZU"
931,9,"Squawkabilly","イキリンコ","Normal","Flying","Parrot Pokémon","50%","50%",0.6,2.4,190,82,96,51,45,51,92,"Intimidate","Hustle","Guts",NA,"ZU"
932,9,"Nacli","コジオ","Rock",NA,"Rock Salt Pokémon","50%","50%",0.4,16,255,55,55,75,35,35,25,"Purifying Salt","Sturdy","Clear Body",NA,"LC"
933,9,"Naclstack","ジオヅム","Rock",NA,"Rock Salt Pokémon","50%","50%",0.6,105,120,60,60,100,35,65,35,"Purifying Salt","Sturdy","Clear Body",NA,"NFE"
934,9,"Garganacl","キョジオーン","Rock",NA,"Rock Salt Pokémon","50%","50%",2.3,240,45,100,100,130,45,90,35,"Purifying Salt","Sturdy","Clear Body",NA,"OU"
935,9,"Charcadet","カルボウ","Fire",NA,"Fire Child Pokémon","50%","50%",0.6,10.5,90,40,50,40,50,40,35,"Flash Fire",NA,"Flame Body",NA,"LC"
936,9,"Armarouge","グレンアルマ","Fire","Psychic","Fire Warrior Pokémon","50%","50%",1.5,85,25,85,60,100,125,80,75,"Flash Fire",NA,"Weak Armor",NA,"RU"
937,9,"Ceruledge","ソウブレイズ","Fire","Ghost","Fire Blades Pokémon","50%","50%",1.6,62,25,75,125,80,60,100,85,"Flash Fire",NA,"Weak Armor",NA,"OU"
938,9,"Tadbulb","ズピカ","Electric",NA,"EleTadpole Pokémon","50%","50%",0.3,0.4,190,61,31,41,59,35,45,"Own Tempo","Static","Damp",NA,"LC"
939,9,"Bellibolt","ハラバリー","Electric",NA,"EleFrog Pokémon","50%","50%",1.2,113,50,109,64,91,103,83,45,"Electromorphosis","Static","Damp",NA,"NU"
940,9,"Wattrel","カイデン","Electric","Flying","Storm Petrel Pokémon","50%","50%",0.4,3.6,180,40,40,35,55,40,70,"Wind Power","Volt Absorb","Competitive",NA,"LC"
941,9,"Kilowattrel","タイカイデン","Electric","Flying","Frigatebird Pokémon","50%","50%",1.4,38.6,90,70,70,60,105,60,125,"Wind Power","Volt Absorb","Competitive",NA,"NU"
942,9,"Maschiff","オラチフ","Dark",NA,"Rascal Pokémon","50%","50%",0.5,16,150,60,78,60,40,51,51,"Intimidate","Run Away","Stakeout",NA,"LC"
943,9,"Mabosstiff","マフィティフ","Dark",NA,"Boss Pokémon","50%","50%",1.1,61,75,80,120,90,60,70,85,"Intimidate","Guard Dog","Stakeout",NA,"ZU"
944,9,"Shroodle","シルシュルー","Poison","Normal","Toxic Mouse Pokémon","50%","50%",0.2,0.7,190,40,65,35,40,35,75,"Unburden","Pickpocket","Prankster",NA,"LC"
945,9,"Grafaiai","タギングル","Poison","Normal","Toxic Monkey Pokémon","50%","50%",0.7,27.2,90,63,95,65,80,72,110,"Unburden","Poison Touch","Prankster",NA,"ZU"
946,9,"Bramblin","アノクサ","Grass","Ghost","Tumbleweed Pokémon","50%","50%",0.6,0.6,190,40,65,30,45,35,60,"Wind Rider",NA,"Infiltrator",NA,"LC"
947,9,"Brambleghast","アノホラグサ","Grass","Ghost","Tumbleweed Pokémon","50%","50%",1.2,6,45,55,115,70,80,70,90,"Wind Rider",NA,"Infiltrator",NA,"NU"
948,9,"Toedscool","ノノクラゲ","Ground","Grass","Woodear Pokémon","50%","50%",0.9,33,190,40,40,35,50,100,70,"Mycelium Might",NA,NA,NA,"LC"
949,9,"Toedscruel","リククラゲ","Ground","Grass","Woodear Pokémon","50%","50%",1.9,58,90,80,70,65,80,120,100,"Mycelium Might",NA,NA,NA,"ZU"
950,9,"Klawf","ガケガニ","Rock",NA,"Ambush Pokémon","50%","50%",1.3,79,120,70,100,115,35,55,75,"Anger Shell","Shell Armor","Regenerator",NA,"ZU"
951,9,"Capsakid","カプサイジ","Grass",NA,"Spicy Pepper Pokémon","50%","50%",0.3,3,190,50,62,40,62,40,50,"Chlorophyll","Insomnia","Klutz",NA,"LC"
952,9,"Scovillain","スコヴィラン","Grass","Fire","Spicy Pepper Pokémon","50%","50%",0.9,15,75,65,108,65,108,65,75,"Chlorophyll","Insomnia","Moody",NA,"ZU"
953,9,"Rellor","シガロコ","Bug",NA,"Rolling Pokémon","50%","50%",0.2,1,190,41,50,60,31,58,30,"Compound Eyes",NA,"Shed Skin",NA,"LC"
954,9,"Rabsca","ベラカス","Bug","Psychic","Rolling Pokémon","50%","50%",0.3,3.5,45,75,50,85,115,100,45,"Synchronize",NA,"Telepathy",NA,"ZU"
955,9,"Flittle","ヒラヒナ","Psychic",NA,"Frill Pokémon","50%","50%",0.2,1.5,120,30,35,30,55,30,75,"Anticipation","Frisk","Speed Boost",NA,"NFE"
956,9,"Espathra","クエスパトラ","Psychic",NA,"Ostrich Pokémon","50%","50%",1.9,90,60,95,60,60,101,60,105,"Opportunist","Frisk","Speed Boost",NA,"Uber"
957,9,"Tinkatink","カヌチャン","Fairy","Steel","Metalsmith Pokémon","0%","100%",0.4,8.9,190,50,45,45,35,64,58,"Mold Breaker","Own Tempo","Pickpocket",NA,"LC"
958,9,"Tinkatuff","ナカヌチャン","Fairy","Steel","Hammer Pokémon","0%","100%",0.7,59.1,90,65,55,55,45,82,78,"Mold Breaker","Own Tempo","Pickpocket",NA,"NFE"
959,9,"Tinkaton","デカヌチャン","Fairy","Steel","Hammer Pokémon","0%","100%",0.7,112.8,45,85,75,77,70,105,94,"Mold Breaker","Own Tempo","Pickpocket",NA,"UU"
960,9,"Wiglett","ウミディグダ","Water",NA,"Garden Eel Pokémon","50%","50%",1.2,1.8,255,10,55,25,35,25,95,"Gooey","Rattled","Sand Veil",NA,"LC"
961,9,"Wugtrio","ウミトリオ","Water",NA,"Garden Eel Pokémon","50%","50%",1.2,5.4,50,35,100,50,50,70,120,"Gooey","Rattled","Sand Veil",NA,"ZU"
962,9,"Bombirdier","オトシドリ","Flying","Dark","Item Drop Pokémon","50%","50%",1.5,42.9,25,70,103,85,60,85,82,"Big Pecks","Keen Eye","Rocky Payload",NA,"PU"
963,9,"Finizen","ナミイルカ","Water",NA,"Dolphin Pokémon","50%","50%",1.3,60.2,200,70,45,40,45,40,75,"Water Veil",NA,NA,NA,"LC"
964,9,"Palafin","イルカマン","Water",NA,"Dolphin Pokémon","50%","50%",1.3,60.2,45,100,70,72,53,62,100,"Zero to Hero",NA,NA,NA,"Uber"
965,9,"Varoom","ブロロン","Steel","Poison","Single-Cyl Pokémon","50%","50%",1,35,190,45,70,63,30,45,47,"Overcoat",NA,"Slow Start",NA,"LC"
966,9,"Revavroom","ブロロローム","Steel","Poison","Multi-Cyl Pokémon","50%","50%",1.8,120,75,80,119,90,54,67,90,"Overcoat",NA,"Filter",NA,"UU"
967,9,"Cyclizar","モトトカゲ","Dragon","Normal","Mount Pokémon","50%","50%",1.6,63,190,70,95,65,85,65,121,"Shed Skin",NA,"Regenerator",NA,"RU"
968,9,"Orthworm","ミミズズ","Steel",NA,"Earthworm Pokémon","50%","50%",2.5,310,25,70,85,145,60,55,65,"Earth Eater",NA,"Sand Veil",NA,"ZU"
969,9,"Glimmet","キラーメ","Rock","Poison","Ore Pokémon","50%","50%",0.7,8,70,48,35,42,105,60,60,"Toxic Debris",NA,"Corrosion",NA,"LC"
970,9,"Glimmora","キラフロル","Rock","Poison","Ore Pokémon","50%","50%",1.5,45,25,83,55,90,130,81,86,"Toxic Debris",NA,"Corrosion",NA,"OU"
971,9,"Greavard","ボチ","Ghost",NA,"Ghost Dog Pokémon","50%","50%",0.6,35,120,50,61,60,30,55,34,"Pickup",NA,"Fluffy",NA,"LC"
972,9,"Houndstone","ハカドッグ","Ghost",NA,"Ghost Dog Pokémon","50%","50%",2,15,60,72,101,100,50,97,68,"Sand Rush",NA,"Fluffy",NA,"NU"
973,9,"Flamigo","カラミンゴ","Flying","Fighting","Synchronize Pokémon","50%","50%",1.6,37,100,82,115,74,75,64,90,"Scrappy","Tangled Feet","Costar",NA,"NU"
974,9,"Cetoddle","アルクジラ","Ice",NA,"Terra Whale Pokémon","50%","50%",1.2,45,150,108,68,45,30,40,43,"Thick Fat","Snow Cloak","Sheer Force",NA,"LC"
975,9,"Cetitan","ハルクジラ","Ice",NA,"Terra Whale Pokémon","50%","50%",4.5,700,50,170,113,65,45,55,73,"Thick Fat","Slush Rush","Sheer Force",NA,"NUBL"
976,9,"Veluza","ミガルーサ","Water","Psychic","Jettison Pokémon","50%","50%",2.5,90,100,90,102,73,78,65,70,"Mold Breaker",NA,"Sharpness",NA,"ZU"
977,9,"Dondozo","ヘイラッシャ","Water",NA,"Big Catfish Pokémon","50%","50%",12,220,25,150,100,115,65,65,35,"Unaware","Oblivious","Water Veil",NA,"OU"
978,9,"Tatsugiri","シャリタツ","Dragon","Water","Mimicry Pokémon","50%","50%",0.3,8,100,68,50,60,120,95,82,"Commander",NA,"Storm Drain",NA,"PU"
979,9,"Annihilape","コノヨザル","Fighting","Ghost","Rage Monkey Pokémon","50%","50%",1.2,56,45,110,115,80,50,90,90,"Vital Spirit","Inner Focus","Defiant",NA,"Uber"
980,9,"Clodsire","ドオー","Poison","Ground","Spiny Fish Pokémon","50%","50%",1.8,223,90,130,75,60,45,100,20,"Poison Point","Water Absorb","Unaware",NA,"UU"
981,9,"Farigiraf","リキキリン","Normal","Psychic","Long Neck Pokémon","50%","50%",3.2,160,45,120,90,70,110,70,60,"Cud Chew","Armor Tail","Sap Sipper",NA,"ZU"
982,9,"Dudunsparce","ノココッチ","Normal",NA,"Land Snake Pokémon","50%","50%",3.6,39.2,45,125,100,80,85,75,55,"Serene Grace","Run Away","Rattled",NA,"PU"
983,9,"Kingambit","ドドゲザン","Dark","Steel","Big Blade Pokémon","50%","50%",2,120,25,100,135,120,60,85,50,"Defiant","Supreme Overlord","Pressure",NA,"OU"
984,9,"Great Tusk","イダイナキバ","Ground","Fighting","Paradox Pokémon","","",2.2,320,30,115,131,131,53,53,87,"Protosynthesis",NA,NA,NA,"OU"
985,9,"Scream Tail","サケブシッポ","Fairy","Psychic","Paradox Pokémon","","",1.2,8,50,115,65,99,65,115,111,"Protosynthesis",NA,NA,NA,"NU"
986,9,"Brute Bonnet","アラブルタケ","Grass","Dark","Paradox Pokémon","","",1.2,21,50,111,127,99,79,99,55,"Protosynthesis",NA,NA,NA,"PU"
987,9,"Flutter Mane","ハバタクカミ","Ghost","Fairy","Paradox Pokémon","","",1.4,4,30,55,55,55,135,135,135,"Protosynthesis",NA,NA,NA,"Uber"
988,9,"Slither Wing","チヲハウハネ","Bug","Fighting","Paradox Pokémon","","",3.2,92,30,85,135,79,85,105,81,"Protosynthesis",NA,NA,NA,"UU"
989,9,"Sandy Shocks","スナノケガワ","Electric","Ground","Paradox Pokémon","","",2.3,60,30,85,81,97,121,85,101,"Protosynthesis",NA,NA,NA,"UU"
990,9,"Iron Treads","テツノワダチ","Ground","Steel","Paradox Pokémon","","",0.9,240,30,90,112,120,72,70,106,"Quark Drive",NA,NA,NA,"OU"
991,9,"Iron Bundle","テツノツツミ","Ice","Water","Paradox Pokémon","","",0.6,11,50,56,80,114,124,60,136,"Quark Drive",NA,NA,NA,"Uber"
992,9,"Iron Hands","テツノカイナ","Fighting","Electric","Paradox Pokémon","","",1.8,380.7,50,154,140,108,50,68,50,"Quark Drive",NA,NA,NA,"UUBL"
993,9,"Iron Jugulis","テツノコウベ","Dark","Flying","Paradox Pokémon","","",1.3,111,30,94,80,86,122,80,108,"Quark Drive",NA,NA,NA,"UU"
994,9,"Iron Moth","テツノドクガ","Fire","Poison","Paradox Pokémon","","",1.2,36,30,80,70,60,140,110,110,"Quark Drive",NA,NA,NA,"OU"
995,9,"Iron Thorns","テツノイバラ","Rock","Electric","Paradox Pokémon","","",1.6,303,30,100,134,110,70,84,72,"Quark Drive",NA,NA,NA,"NUBL"
996,9,"Frigibax","セビエ","Dragon","Ice","Ice Fin Pokémon","50%","50%",0.5,17,45,65,75,45,35,45,55,"Thermal Exchange",NA,"Ice Body",NA,"LC"
997,9,"Arctibax","セゴール","Dragon","Ice","Ice Fin Pokémon","50%","50%",0.8,30,25,90,95,66,45,65,62,"Thermal Exchange",NA,"Ice Body",NA,"NFE"
998,9,"Baxcalibur","セグレイブ","Dragon","Ice","Ice Dragon Pokémon","50%","50%",2.1,210,10,115,145,92,75,86,87,"Thermal Exchange",NA,"Ice Body",NA,"Uber"
999,9,"Gimmighoul","コレクレー","Ghost",NA,"Coin Chest Pokémon","","",0.3,5,45,45,30,70,75,70,10,"Rattled",NA,NA,NA,"LC"
1000,9,"Gholdengo","サーフゴー","Steel","Ghost","Coin Entity Pokémon","","",1.2,30,45,87,60,95,133,91,84,"Good as Gold",NA,NA,NA,"OU"
1001,9,"Wo-Chien","チオンジェン","Dark","Grass","Ruinous Pokémon","","",1.5,74.2,6,85,85,100,95,135,70,"Tablets of Ruin",NA,NA,NA,"NU"
1002,9,"Chien-Pao","パオジアン","Dark","Ice","Ruinous Pokémon","","",1.9,152.2,6,80,120,80,90,65,135,"Sword of Ruin",NA,NA,NA,"Uber"
1003,9,"Ting-Lu","ディンルー","Dark","Ground","Ruinous Pokémon","","",2.7,699.7,6,155,110,125,55,80,45,"Vessel of Ruin",NA,NA,NA,"OU"
1004,9,"Chi-Yu","イーユイ","Dark","Fire","Ruinous Pokémon","","",0.4,4.9,6,55,80,80,135,120,100,"Beads of Ruin",NA,NA,NA,"Uber"
1005,9,"Roaring Moon","トドロクツキ","Dragon","Dark","Paradox Pokémon","","",2,380,10,105,139,71,55,101,119,"Protosynthesis",NA,NA,NA,"Uber"
1006,9,"Iron Valiant","テツノブジン","Fairy","Fighting","Paradox Pokémon","","",1.4,35,10,74,130,90,120,60,116,"Quark Drive",NA,NA,NA,"OU"
1007,9,"Koraidon","コライドン","Fighting","Dragon","Paradox Pokémon","","",2.5,303,3,100,135,115,85,100,135,"Orichalcum Pulse",NA,NA,NA,"Uber"
1008,9,"Miraidon","ミライドン","Electric","Dragon","Paradox Pokémon","","",3.5,240,3,100,85,100,135,115,135,"Hadron Engine",NA,NA,NA,"AG"
1009,9,"Walking Wake","ウネルミナモ","Water","Dragon","Paradox Pokémon","","",3.5,280,5,99,83,91,125,83,109,"Protosynthesis",NA,NA,NA,"OU"
1010,9,"Iron Leaves","テツノイサハ","Grass","Psychic","Paradox Pokémon","","",1.5,125,5,90,130,88,70,108,104,"Quark Drive",NA,NA,NA,"RUBL"
1011,9,"Dipplin",NA,"Grass","Dragon","Candy Apple Pokémon","50%","50%",0.4,4.4,45,80,80,110,95,80,40,"Supersweet Syrup","Gluttony","Sticky Hold",NA,"NFE"
1012,9,"Poltchageist",NA,"Grass","Ghost","Matcha Pokémon","","",0.1,1.1,120,40,45,45,74,54,50,"Hospitality",NA,"Heatproof",NA,"LC"
1013,9,"Sinistcha",NA,"Grass","Ghost","Matcha Pokémon","","",0.2,2.2,60,71,60,106,121,80,70,"Hospitality",NA,"Heatproof",NA,"UU"
1014,9,"Okidogi",NA,"Poison","Fighting","Retainer Pokémon","100%","0%",1.8,92,3,88,128,115,58,86,80,"Toxic Chain",NA,"Guard Dog",NA,"UUBL"
1015,9,"Munkidori",NA,"Poison","Psychic","Retainer Pokémon","100%","0%",1,12.2,3,88,75,66,130,90,106,"Toxic Chain",NA,"Frisk",NA,"NU"
1016,9,"Fezandipiti",NA,"Poison","Fairy","Retainer Pokémon","100%","0%",1.4,30.1,3,88,91,82,70,125,99,"Toxic Chain",NA,"Technician",NA,"UU"
1017,9,"Ogerpon",NA,"Grass",NA,"Mask Pokémon","0%","100%",1.2,39.8,5,80,120,84,60,96,110,"Defiant",NA,"Embody Aspect",NA,"UU"
1018,9,"Archaludon",NA,"Steel","Dragon","Alloy Pokémon","50%","50%",2,60,10,90,105,130,125,65,85,"Stamina","Sturdy","Stalwart",NA,"Uber"
1019,9,"Hydrapple",NA,"Grass","Dragon","—","50%","50%",1.8,93,10,106,80,110,120,80,44,"Supersweet Syrup","Regenerator","Sticky Hold",NA,"UU"
1020,9,"Gouging Fire",NA,"Fire","Dragon","Paradox Pokémon","","",3.5,590,10,105,115,121,65,93,91,"Protosynthesis",NA,NA,NA,"Uber"
1021,9,"Raging Bolt",NA,"Electric","Dragon","Paradox Pokémon","","",5.2,480,10,125,73,91,137,89,75,"Protosynthesis",NA,NA,NA,"OU"
1022,9,"Iron Boulder",NA,"Rock","Psychic","Paradox Pokémon","","",1.5,162.5,10,90,120,80,68,108,124,"Quark Drive",NA,NA,NA,"UUBL"
1023,9,"Iron Crown",NA,"Steel","Psychic","Paradox Pokémon","","",1.6,156,10,90,72,100,122,108,98,"Quark Drive",NA,NA,NA,"OU"
1024,9,"Terapagos",NA,"Normal",NA,"Tera Pokémon","50%","50%",0.2,6.5,255,90,65,85,65,85,60,"Tera Shift",NA,NA,NA,"Uber"
1025,9,"Pecharunt",NA,"Poison","Ghost","Subjugation Pokémon","","",0.3,0.3,3,88,88,160,88,88,88,"Poison Puppeteer",NA,NA,NA,"OU"
